Date,DayOfWeek,Month,Year,Inventory,TermsOfTrade,Margins,Price,,,,,,
01-01-2022,6,1,2022,152,0.143746398,0.227214153,0.227214153,,,,,,
02-01-2022,0,1,2022,142,0.106658892,0.144212674,0.144212674,,,,,,
03-01-2022,1,1,2022,64,0.175484722,0.295679456,0.295679456,,,,,,
04-01-2022,2,1,2022,156,0.138118041,0.249638381,0.249638381,,,,,,
05-01-2022,3,1,2022,121,0.094106702,0.211562645,0.211562645,,,,,,
06-01-2022,4,1,2022,70,0.15710888,0.13611892,0.13611892,,,,,,
07-01-2022,5,1,2022,152,0.12914716,0.110771641,0.110771641,,,,,,
08-01-2022,6,1,2022,171,0.130168384,0.164011967,0.164011967,,,,,,
09-01-2022,0,1,2022,124,0.122163192,0.250637467,0.250637467,,,,,,
10-01-2022,1,1,2022,137,0.124551792,0.15386626,0.15386626,,,,,,
11-01-2022,2,1,2022,166,0.164803442,0.207911244,0.207911244,,,,,,
12-01-2022,3,1,2022,149,0.065447222,0.245589435,0.245589435,,,,,,
13-01-2022,4,1,2022,153,0.100154422,0.121588743,0.121588743,,,,,,
14-01-2022,5,1,2022,180,0.061325505,0.237059603,0.237059603,,,,,,
15-01-2022,6,1,2022,199,0.162986933,0.118374178,0.118374178,,,,,,
16-01-2022,0,1,2022,102,0.090845278,0.293025948,0.293025948,,,,,,
17-01-2022,1,1,2022,51,0.184614561,0.197678826,0.197678826,,,,,,
18-01-2022,2,1,2022,137,0.12898677,0.130135222,0.130135222,,,,,,
19-01-2022,3,1,2022,87,0.170112466,0.168476727,0.168476727,,,,,,
20-01-2022,4,1,2022,179,0.196839715,0.18268329,0.18268329,,,,,,
21-01-2022,5,1,2022,70,0.175968329,0.251637002,0.251637002,,,,,,
22-01-2022,6,1,2022,107,0.180049064,0.248684757,0.248684757,,,,,,
23-01-2022,0,1,2022,71,0.111197674,0.222388101,0.222388101,,,,,,
24-01-2022,1,1,2022,138,0.132758389,0.121186143,0.121186143,,,,,,
25-01-2022,2,1,2022,98,0.088083285,0.130313874,0.130313874,,,,,,
26-01-2022,3,1,2022,108,0.079416965,0.118751384,0.118751384,,,,,,
27-01-2022,4,1,2022,64,0.125826182,0.215434557,0.215434557,,,,,,
28-01-2022,5,1,2022,100,0.139257347,0.275427688,0.275427688,,,,,,
29-01-2022,6,1,2022,157,0.100890687,0.186760102,0.186760102,,,,,,
30-01-2022,0,1,2022,104,0.135416528,0.132169635,0.132169635,,,,,,
31-01-2022,1,1,2022,113,0.183119072,0.211608465,0.211608465,,,,,,
01-02-2022,2,2,2022,180,0.133508238,0.262350443,0.262350443,,,,,,
02-02-2022,3,2,2022,100,0.158121964,0.248342412,0.248342412,,,,,,
03-02-2022,4,2,2022,184,0.170797245,0.276290156,0.276290156,,,,,,
04-02-2022,5,2,2022,70,0.198309317,0.155580419,0.155580419,,,,,,
05-02-2022,6,2,2022,122,0.14047961,0.138790773,0.138790773,,,,,,
06-02-2022,0,2,2022,67,0.171027522,0.275963297,0.275963297,,,,,,
07-02-2022,1,2,2022,181,0.194397398,0.231512063,0.231512063,,,,,,
08-02-2022,2,2,2022,138,0.191661459,0.162185786,0.162185786,,,,,,
09-02-2022,3,2,2022,109,0.071162277,0.24846961,0.24846961,,,,,,
10-02-2022,4,2,2022,63,0.110958846,0.263023677,0.263023677,,,,,,
11-02-2022,5,2,2022,58,0.098598509,0.222995648,0.222995648,,,,,,
12-02-2022,6,2,2022,139,0.063038752,0.237576822,0.237576822,,,,,,
13-02-2022,0,2,2022,102,0.144986116,0.175051981,0.175051981,,,,,,
14-02-2022,1,2,2022,179,0.160385692,0.207739133,0.207739133,,,,,,
15-02-2022,2,2,2022,133,0.177219214,0.204831834,0.204831834,,,,,,
16-02-2022,3,2,2022,141,0.068416533,0.269609558,0.269609558,,,,,,
17-02-2022,4,2,2022,160,0.181466611,0.267992796,0.267992796,,,,,,
18-02-2022,5,2,2022,57,0.146438835,0.266536094,0.266536094,,,,,,
19-02-2022,6,2,2022,84,0.15559192,0.102206323,0.102206323,,,,,,
20-02-2022,0,2,2022,130,0.186593601,0.249909097,0.249909097,,,,,,
21-02-2022,1,2,2022,99,0.143714191,0.251735278,0.251735278,,,,,,
22-02-2022,2,2,2022,153,0.100379879,0.235675765,0.235675765,,,,,,
23-02-2022,3,2,2022,181,0.1737661,0.251252932,0.251252932,,,,,,
24-02-2022,4,2,2022,51,0.104458882,0.268394074,0.268394074,,,,,,
25-02-2022,5,2,2022,183,0.055134217,0.194063811,0.194063811,,,,,,
26-02-2022,6,2,2022,103,0.174598176,0.200410043,0.200410043,,,,,,
27-02-2022,0,2,2022,155,0.101778822,0.124942811,0.124942811,,,,,,
28-02-2022,1,2,2022,53,0.166075178,0.177075177,0.177075177,,,,,,
01-03-2022,2,3,2022,103,0.104413684,0.228673036,0.228673036,,,,,,
02-03-2022,3,3,2022,104,0.179160203,0.256079955,0.256079955,,,,,,
03-03-2022,4,3,2022,195,0.082926579,0.14344182,0.14344182,,,,,,
04-03-2022,5,3,2022,93,0.19618209,0.12756458,0.12756458,,,,,,
05-03-2022,6,3,2022,63,0.166963816,0.232608401,0.232608401,,,,,,
06-03-2022,0,3,2022,144,0.067135689,0.100375977,0.100375977,,,,,,
07-03-2022,1,3,2022,97,0.134866493,0.135674517,0.135674517,,,,,,
08-03-2022,2,3,2022,64,0.197805097,0.105814276,0.105814276,,,,,,
09-03-2022,3,3,2022,89,0.120659818,0.133377024,0.133377024,,,,,,
10-03-2022,4,3,2022,131,0.077316071,0.136263856,0.136263856,,,,,,
11-03-2022,5,3,2022,160,0.122716755,0.177534719,0.177534719,,,,,,
12-03-2022,6,3,2022,102,0.126868648,0.180465425,0.180465425,,,,,,
13-03-2022,0,3,2022,73,0.161253042,0.274852494,0.274852494,,,,,,
14-03-2022,1,3,2022,120,0.154826878,0.202021942,0.202021942,,,,,,
15-03-2022,2,3,2022,173,0.110382507,0.244680953,0.244680953,,,,,,
16-03-2022,3,3,2022,90,0.082703466,0.120827472,0.120827472,,,,,,
17-03-2022,4,3,2022,64,0.146758125,0.145087751,0.145087751,,,,,,
18-03-2022,5,3,2022,94,0.11325559,0.240588688,0.240588688,,,,,,
19-03-2022,6,3,2022,114,0.069841432,0.110560792,0.110560792,,,,,,
20-03-2022,0,3,2022,138,0.185085845,0.197319532,0.197319532,,,,,,
21-03-2022,1,3,2022,120,0.153683279,0.219873793,0.219873793,,,,,,
22-03-2022,2,3,2022,58,0.152477578,0.220429129,0.220429129,,,,,,
23-03-2022,3,3,2022,137,0.173387581,0.104586562,0.104586562,,,,,,
24-03-2022,4,3,2022,178,0.129449252,0.164421601,0.164421601,,,,,,
25-03-2022,5,3,2022,185,0.172258164,0.22729813,0.22729813,,,,,,
26-03-2022,6,3,2022,112,0.124713613,0.129799947,0.129799947,,,,,,
27-03-2022,0,3,2022,160,0.06007631,0.23908313,0.23908313,,,,,,
28-03-2022,1,3,2022,57,0.110787213,0.249185042,0.249185042,,,,,,
29-03-2022,2,3,2022,84,0.124619734,0.296393838,0.296393838,,,,,,
30-03-2022,3,3,2022,130,0.158030387,0.141968399,0.141968399,,,,,,
31-03-2022,4,3,2022,99,0.06598681,0.265026134,0.265026134,,,,,,
01-04-2022,5,4,2022,153,0.071002781,0.204059315,0.204059315,,,,,,
02-04-2022,6,4,2022,181,0.08955257,0.174692519,0.174692519,,,,,,
03-04-2022,0,4,2022,51,0.089974759,0.124475351,0.124475351,,,,,,
04-04-2022,1,4,2022,183,0.159827687,0.247101121,0.247101121,,,,,,
05-04-2022,2,4,2022,103,0.087609599,0.14717152,0.14717152,,,,,,
06-04-2022,3,4,2022,155,0.14496471,0.1742844,0.1742844,,,,,,
07-04-2022,4,4,2022,53,0.124141078,0.112508445,0.112508445,,,,,,
08-04-2022,5,4,2022,166,0.135994157,0.260273383,0.260273383,,,,,,
09-04-2022,6,4,2022,103,0.175716044,0.253317705,0.253317705,,,,,,
10-04-2022,0,4,2022,104,0.110657225,0.246723166,0.246723166,,,,,,
11-04-2022,1,4,2022,180,0.165636707,0.159888702,0.159888702,,,,,,
12-04-2022,2,4,2022,50,0.113305409,0.134696015,0.134696015,,,,,,
13-04-2022,3,4,2022,77,0.103080706,0.227510653,0.227510653,,,,,,
14-04-2022,4,4,2022,184,0.193794077,0.199233277,0.199233277,,,,,,
15-04-2022,5,4,2022,121,0.077655638,0.135650493,0.135650493,,,,,,
16-04-2022,6,4,2022,61,0.063550544,0.237182254,0.237182254,,,,,,
17-04-2022,0,4,2022,82,0.165647889,0.298225286,0.298225286,,,,,,
18-04-2022,1,4,2022,97,0.060237456,0.249443918,0.249443918,,,,,,
19-04-2022,2,4,2022,111,0.175561849,0.247997277,0.247997277,,,,,,
20-04-2022,3,4,2022,86,0.121894353,0.121611468,0.121611468,,,,,,
21-04-2022,4,4,2022,148,0.05898724,0.159993495,0.159993495,,,,,,
22-04-2022,5,4,2022,153,0.06256022,0.125170958,0.125170958,,,,,,
23-04-2022,6,4,2022,84,0.192128656,0.198888009,0.198888009,,,,,,
24-04-2022,0,4,2022,150,0.056662077,0.145758933,0.145758933,,,,,,
25-04-2022,1,4,2022,180,0.129058403,0.104553162,0.104553162,,,,,,
26-04-2022,2,4,2022,50,0.070251432,0.206338879,0.206338879,,,,,,
27-04-2022,3,4,2022,191,0.143813902,0.256684637,0.256684637,,,,,,
28-04-2022,4,4,2022,152,0.182388285,0.280373734,0.280373734,,,,,,
29-04-2022,5,4,2022,76,0.128853871,0.120214789,0.120214789,, ,,,,
30-04-2022,6,4,2022,186,0.104284972,0.195903741,0.195903741,,,,,,
01-05-2022,0,5,2022,127,0.135511552,0.171433349,0.171433349,,,,,,
02-05-2022,1,5,2022,89,0.116297632,0.158687035,0.158687035,,,,,,
03-05-2022,2,5,2022,173,0.152238794,0.162313509,0.162313509,,,,,,
04-05-2022,3,5,2022,141,0.143758481,0.283854929,0.283854929,,,,,,
05-05-2022,4,5,2022,94,0.079657408,0.144516528,0.144516528,,,,,,
06-05-2022,5,5,2022,162,0.166987465,0.251641087,0.251641087,,,,,,
07-05-2022,6,5,2022,187,0.084382906,0.218865726,0.218865726,,,,,,
08-05-2022,0,5,2022,106,0.068940312,0.221218994,0.221218994,,,,,,
09-05-2022,1,5,2022,53,0.097195143,0.268556985,0.268556985,,,,,,
10-05-2022,2,5,2022,127,0.119872614,0.136791641,0.136791641,,,,,,
11-05-2022,3,5,2022,81,0.074858556,0.155358015,0.155358015,,,,,,
12-05-2022,4,5,2022,147,0.125552441,0.110899778,0.110899778,,,,,,
13-05-2022,5,5,2022,102,0.186952752,0.130334885,0.130334885,,,,,,
14-05-2022,6,5,2022,156,0.087512961,0.177384167,0.177384167,,,,,,
15-05-2022,0,5,2022,130,0.082379726,0.149479751,0.149479751,,,,,,
16-05-2022,1,5,2022,94,0.083637769,0.15328088,0.15328088,,,,,,
17-05-2022,2,5,2022,85,0.089684692,0.232116917,0.232116917,,,,,,
18-05-2022,3,5,2022,107,0.103629462,0.105559651,0.105559651,,,,,,
19-05-2022,4,5,2022,173,0.146464243,0.168581348,0.168581348,,,,,,
20-05-2022,5,5,2022,60,0.084284996,0.168992287,0.168992287,,,,,,
21-05-2022,6,5,2022,148,0.131451233,0.232881516,0.232881516,,,,,,
22-05-2022,0,5,2022,123,0.163526615,0.204671165,0.204671165,,,,,,
23-05-2022,1,5,2022,69,0.069389857,0.277514829,0.277514829,,,,,,
24-05-2022,2,5,2022,118,0.188544345,0.189849076,0.189849076,,,,,,
25-05-2022,3,5,2022,154,0.153502342,0.132901768,0.132901768,,,,,,
26-05-2022,4,5,2022,87,0.134755996,0.245240342,0.245240342,,,,,,
27-05-2022,5,5,2022,112,0.152760735,0.18316997,0.18316997,,,,,,
28-05-2022,6,5,2022,160,0.086792835,0.224123467,0.224123467,,,,,,
29-05-2022,0,5,2022,142,0.111684244,0.210663626,0.210663626,,,,,,
30-05-2022,1,5,2022,76,0.072458546,0.155743653,0.155743653,,,,,,
31-05-2022,2,5,2022,190,0.147127964,0.206429193,0.206429193,,,,,,
01-06-2022,3,6,2022,115,0.142603077,0.286317872,0.286317872,,,,,,
02-06-2022,4,6,2022,54,0.135789642,0.168669355,0.168669355,,,,,,
03-06-2022,5,6,2022,78,0.162675594,0.202518951,0.202518951,,,,,,
04-06-2022,6,6,2022,120,0.09765361,0.263405858,0.263405858,,,,,,
05-06-2022,0,6,2022,61,0.10746447,0.157023092,0.157023092,,,,,,
06-06-2022,1,6,2022,105,0.116361325,0.128240923,0.128240923,,,,,,
07-06-2022,2,6,2022,79,0.070253299,0.120231312,0.120231312,,,,,,
08-06-2022,3,6,2022,148,0.166657719,0.290935378,0.290935378,,,,,,
09-06-2022,4,6,2022,55,0.08468616,0.19417472,0.19417472,,,,,,
10-06-2022,5,6,2022,131,0.148317541,0.249280938,0.249280938,,,,,,
11-06-2022,6,6,2022,66,0.068152265,0.218130922,0.218130922,,,,,,
12-06-2022,0,6,2022,123,0.081962532,0.179675206,0.179675206,,,,,,
13-06-2022,1,6,2022,101,0.068942901,0.21228556,0.21228556,,,,,,
14-06-2022,2,6,2022,182,0.106792036,0.246524626,0.246524626,,,,,,
15-06-2022,3,6,2022,96,0.149639477,0.208041857,0.208041857,,,,,,
16-06-2022,4,6,2022,174,0.14084903,0.140313144,0.140313144,,,,,,
17-06-2022,5,6,2022,60,0.093056253,0.22243397,0.22243397,,,,,,
18-06-2022,6,6,2022,128,0.06893372,0.130134978,0.130134978,,,,,,
19-06-2022,0,6,2022,113,0.11370751,0.172222988,0.172222988,,,,,,
20-06-2022,1,6,2022,145,0.079396679,0.218424086,0.218424086,,,,,,
21-06-2022,2,6,2022,135,0.160593895,0.236928505,0.236928505,,,,,,
22-06-2022,3,6,2022,111,0.166337961,0.14207506,0.14207506,,,,,,
23-06-2022,4,6,2022,66,0.093661564,0.176274229,0.176274229,,,,,,
24-06-2022,5,6,2022,101,0.071320916,0.168938008,0.168938008,,,,,,
25-06-2022,6,6,2022,191,0.121302008,0.249129482,0.249129482,,,,,,
26-06-2022,0,6,2022,104,0.14728417,0.1663544,0.1663544,,,,,,
27-06-2022,1,6,2022,50,0.088158044,0.140649204,0.140649204,,,,,,
28-06-2022,2,6,2022,80,0.180368986,0.213509128,0.213509128,,,,,,
29-06-2022,3,6,2022,170,0.070824664,0.162574636,0.162574636,,,,,,
30-06-2022,4,6,2022,181,0.087307263,0.233792029,0.233792029,,,,,,
01-07-2022,5,7,2022,156,0.122031091,0.17419244,0.17419244,,,,,,
02-07-2022,6,7,2022,54,0.071936593,0.187404671,0.187404671,,,,,,
03-07-2022,5,7,2022,151,0.08742304,0.169478838,0.169478838,,,,,,
04-07-2022,6,7,2022,105,0.11733084,0.275598143,0.275598143,,,,,,
05-07-2022,0,7,2022,94,0.102442679,0.158111132,0.158111132,,,,,,
06-07-2022,1,7,2022,108,0.180188781,0.138241417,0.138241417,,,,,,
07-07-2022,2,7,2022,127,0.086898964,0.216315344,0.216315344,,,,,,
08-07-2022,3,7,2022,85,0.105437018,0.144422294,0.144422294,,,,,,
09-07-2022,4,7,2022,157,0.087878897,0.16209294,0.16209294,,,,,,
10-07-2022,5,7,2022,103,0.103756889,0.268663332,0.268663332,,,,,,
11-07-2022,6,7,2022,168,0.121327676,0.18315721,0.18315721,,,,,,
12-07-2022,0,7,2022,89,0.108984509,0.284118628,0.284118628,,,,,,
13-07-2022,1,7,2022,120,0.133744855,0.128340711,0.128340711,,,,,,
14-07-2022,2,7,2022,69,0.136906635,0.27320776,0.27320776,,,,,,
15-07-2022,3,7,2022,58,0.07159098,0.20896371,0.20896371,,,,,,
16-07-2022,4,7,2022,153,0.153755242,0.170029871,0.170029871,,,,,,
17-07-2022,5,7,2022,92,0.13949338,0.233144633,0.233144633,,,,,,
18-07-2022,6,7,2022,64,0.073235227,0.121488471,0.121488471,,,,,,
19-07-2022,0,7,2022,176,0.097561564,0.200688879,0.200688879,,,,,,
20-07-2022,1,7,2022,139,0.133634943,0.185037656,0.185037656,,,,,,
21-07-2022,2,7,2022,120,0.160101465,0.142754307,0.142754307,,,,,,
22-07-2022,3,7,2022,130,0.072229547,0.280373356,0.280373356,,,,,,
23-07-2022,4,7,2022,59,0.111057976,0.202520176,0.202520176,,,,,,
24-07-2022,5,7,2022,90,0.134006684,0.274235739,0.274235739,,,,,,
25-07-2022,6,7,2022,162,0.072606944,0.231431926,0.231431926,,,,,,
26-07-2022,0,7,2022,100,0.15013522,0.149746736,0.149746736,,,,,,
27-07-2022,1,7,2022,111,0.144545689,0.277832175,0.277832175,,,,,,
28-07-2022,2,7,2022,176,0.075881288,0.214898278,0.214898278,,,,,,
29-07-2022,3,7,2022,148,0.066544662,0.173887118,0.173887118,,,,,,
30-07-2022,4,7,2022,161,0.124497547,0.128117733,0.128117733,,,,,,
31-07-2022,5,7,2022,143,0.123673422,0.169889361,0.169889361,,,,,,
01-08-2022,6,8,2022,179,0.200806324,0.200806324,0.200806324,,,,,,
02-08-2022,0,8,2022,149,0.272058678,0.272058678,0.272058678,,,,,,
03-08-2022,1,8,2022,104,0.244075176,0.244075176,0.244075176,,,,,,
04-08-2022,2,8,2022,83,0.176011772,0.176011772,0.176011772,,,,,,
05-08-2022,3,8,2022,141,0.231316897,0.231316897,0.231316897,,,,,,
06-08-2022,4,8,2022,73,0.256948898,0.256948898,0.256948898,,,,,,
07-08-2022,5,8,2022,134,0.150315178,0.150315178,0.150315178,,,,,,
08-08-2022,6,8,2022,56,0.17588872,0.17588872,0.17588872,,,,,,
09-08-2022,0,8,2022,151,0.122366771,0.122366771,0.122366771,,,,,,
10-08-2022,1,8,2022,95,0.26831939,0.26831939,0.26831939,,,,,,
11-08-2022,2,8,2022,118,0.215215802,0.215215802,0.215215802,,,,,,
12-08-2022,3,8,2022,128,0.24932446,0.24932446,0.24932446,,,,,,
13-08-2022,4,8,2022,177,0.268194777,0.268194777,0.268194777,,,,,,
14-08-2022,5,8,2022,139,0.194623076,0.194623076,0.194623076,,,,,,
15-08-2022,6,8,2022,110,0.239661674,0.239661674,0.239661674,,,,,,
16-08-2022,0,8,2022,52,0.131736888,0.131736888,0.131736888,,,,,,
17-08-2022,1,8,2022,123,0.128334136,0.128334136,0.128334136,,,,,,
18-08-2022,2,8,2022,169,0.253430552,0.253430552,0.253430552,,,,,,
19-08-2022,3,8,2022,114,0.207194071,0.207194071,0.207194071,,,,,,
20-08-2022,4,8,2022,80,0.218719553,0.218719553,0.218719553,,,,,,
21-08-2022,5,8,2022,92,0.229750416,0.229750416,0.229750416,,,,,,
22-08-2022,6,8,2022,153,0.184598932,0.184598932,0.184598932,,,,,,
23-08-2022,0,8,2022,70,0.239630493,0.239630493,0.239630493,,,,,,
24-08-2022,1,8,2022,88,0.228414108,0.228414108,0.228414108,,,,,,
25-08-2022,2,8,2022,127,0.192043055,0.192043055,0.192043055,,,,,,
26-08-2022,3,8,2022,105,0.222546972,0.222546972,0.222546972,,,,,,
27-08-2022,4,8,2022,56,0.180157177,0.180157177,0.180157177,,,,,,
28-08-2022,5,8,2022,80,0.145015649,0.145015649,0.145015649,,,,,,
29-08-2022,6,8,2022,93,0.166746812,0.166746812,0.166746812,,,,,,
30-08-2022,0,8,2022,150,0.159066029,0.159066029,0.159066029,,,,,,
31-08-2022,1,8,2022,113,0.251670953,0.251670953,0.251670953,,,,,,
01-09-2022,2,8,2022,103,0.197458161,0.197458161,0.197458161,,,,,,
02-09-2022,3,9,2022,144,0.218702253,0.218702253,0.218702253,,,,,,
03-09-2022,4,9,2022,177,0.24355607,0.24355607,0.24355607,,,,,,
04-09-2022,5,9,2022,160,0.130481432,0.130481432,0.130481432,,,,,,
05-09-2022,6,9,2022,135,0.226565656,0.226565656,0.226565656,,,,,,
06-09-2022,0,9,2022,109,0.198249488,0.198249488,0.198249488,,,,,,
07-09-2022,1,9,2022,84,0.225697238,0.225697238,0.225697238,,,,,,
08-09-2022,2,9,2022,113,0.242809942,0.242809942,0.242809942,,,,,,
09-09-2022,3,9,2022,161,0.200527619,0.200527619,0.200527619,,,,,,
10-09-2022,4,9,2022,163,0.16937793,0.16937793,0.16937793,,,,,,
11-09-2022,5,9,2022,79,0.178314094,0.178314094,0.178314094,,,,,,
12-09-2022,6,9,2022,157,0.122418564,0.122418564,0.122418564,,,,,,
13-09-2022,0,9,2022,54,0.13267181,0.13267181,0.13267181,,,,,,
14-09-2022,1,9,2022,68,0.14532798,0.14532798,0.14532798,,,,,,
15-09-2022,2,9,2022,61,0.262613905,0.262613905,0.262613905,,,,,,
16-09-2022,3,9,2022,95,0.150478849,0.150478849,0.150478849,,,,,,
17-09-2022,4,9,2022,114,0.129105754,0.129105754,0.129105754,,,,,,
18-09-2022,5,9,2022,56,0.186989745,0.186989745,0.186989745,,,,,,
19-09-2022,6,9,2022,136,0.148542977,0.148542977,0.148542977,,,,,,
20-09-2022,0,9,2022,180,0.273854828,0.273854828,0.273854828,,,,,,
21-09-2022,1,9,2022,103,0.187133498,0.187133498,0.187133498,,,,,,
22-09-2022,2,9,2022,51,0.227075147,0.227075147,0.227075147,,,,,,
23-09-2022,3,9,2022,136,0.259214189,0.259214189,0.259214189,,,,,,
24-09-2022,4,9,2022,124,0.185860489,0.185860489,0.185860489,,,,,,
25-09-2022,5,9,2022,171,0.13074764,0.13074764,0.13074764,,,,,,
26-09-2022,6,9,2022,109,0.173015968,0.173015968,0.173015968,,,,,,
27-09-2022,0,9,2022,87,0.151340586,0.151340586,0.151340586,,,,,,
28-09-2022,1,9,2022,64,0.163345473,0.163345473,0.163345473,,,,,,
29-09-2022,2,9,2022,126,0.233430924,0.233430924,0.233430924,,,,,,
30-09-2022,3,9,2022,118,0.21826322,0.21826322,0.21826322,,,,,,
01-10-2022,4,10,2022,94,0.243116934,0.243116934,0.243116934,,,,,,
02-10-2022,5,10,2022,153,0.244272413,0.244272413,0.244272413,,,,,,
03-10-2022,6,10,2022,52,0.158462186,0.158462186,0.158462186,,,,,,
04-10-2022,0,10,2022,107,0.1420991,0.1420991,0.1420991,,,,,,
05-10-2022,1,10,2022,109,0.182132942,0.182132942,0.182132942,,,,,,
06-10-2022,2,10,2022,123,0.261702115,0.261702115,0.261702115,,,,,,
07-10-2022,3,10,2022,106,0.214047893,0.214047893,0.214047893,,,,,,
08-10-2022,4,10,2022,142,0.221472736,0.221472736,0.221472736,,,,,,
09-10-2022,5,10,2022,103,0.191888786,0.191888786,0.191888786,,,,,,
10-10-2022,6,10,2022,51,0.26894244,0.26894244,0.26894244,,,,,,
11-10-2022,0,10,2022,154,0.124087902,0.124087902,0.124087902,,,,,,
12-10-2022,1,10,2022,166,0.218251454,0.218251454,0.218251454,,,,,,
13-10-2022,2,10,2022,98,0.20983548,0.20983548,0.20983548,,,,,,
14-10-2022,3,10,2022,104,0.214980712,0.214980712,0.214980712,,,,,,
15-10-2022,4,10,2022,54,0.207754757,0.207754757,0.207754757,,,,,,
16-10-2022,5,10,2022,102,0.216661373,0.216661373,0.216661373,,,,,,
17-10-2022,6,10,2022,104,0.148142977,0.148142977,0.148142977,,,,,,
18-10-2022,0,10,2022,61,0.155396764,0.155396764,0.155396764,,,,,,
19-10-2022,1,10,2022,99,0.16323179,0.16323179,0.16323179,,,,,,
20-10-2022,2,10,2022,79,0.176967524,0.176967524,0.176967524,,,,,,
21-10-2022,3,10,2022,148,0.273328029,0.273328029,0.273328029,,,,,,
22-10-2022,4,10,2022,75,0.17625394,0.17625394,0.17625394,,,,,,
23-10-2022,5,10,2022,136,0.166055762,0.166055762,0.166055762,,,,,,
24-10-2022,6,10,2022,180,0.134292897,0.134292897,0.134292897,,,,,,
25-10-2022,0,10,2022,103,0.125142037,0.125142037,0.125142037,,,,,,
26-10-2022,1,10,2022,51,0.128617911,0.128617911,0.128617911,,,,,,
27-10-2022,2,10,2022,136,0.207110708,0.207110708,0.207110708,,,,,,
28-10-2022,3,10,2022,124,0.16258232,0.16258232,0.16258232,,,,,,
29-10-2022,4,10,2022,171,0.15712455,0.15712455,0.15712455,,,,,,
30-10-2022,5,10,2022,109,0.26461713,0.26461713,0.26461713,,,,,,
31-10-2022,6,10,2022,87,0.212366849,0.212366849,0.212366849,,,,,,
01-11-2022,0,11,2022,141,0.134481816,0.179828688,0.179828688,,,,,,
02-11-2022,1,11,2022,89,0.083431457,0.135768546,0.135768546,,,,,,
03-11-2022,2,11,2022,87,0.103070991,0.236372527,0.236372527,,,,,,
04-11-2022,3,11,2022,153,0.093951649,0.236010951,0.236010951,,,,,,
05-11-2022,4,11,2022,68,0.098486825,0.132626816,0.132626816,,,,,,
06-11-2022,5,11,2022,166,0.07715132,0.21871897,0.21871897,,,,,,
07-11-2022,6,11,2022,61,0.071370559,0.228824422,0.228824422,,,,,,
08-11-2022,0,11,2022,71,0.143901197,0.15500471,0.15500471,,,,,,
09-11-2022,1,11,2022,126,0.11160619,0.141378464,0.141378464,,,,,,
10-11-2022,2,11,2022,76,0.104536451,0.162234926,0.162234926,,,,,,
11-11-2022,3,11,2022,56,0.078352287,0.124202865,0.124202865,,,,,,
12-11-2022,4,11,2022,135,0.131823928,0.188827724,0.188827724,,,,,,
13-11-2022,5,11,2022,156,0.135170588,0.184153643,0.184153643,,,,,,
14-11-2022,6,11,2022,61,0.097086911,0.142088916,0.142088916,,,,,,
15-11-2022,0,11,2022,93,0.071276707,0.249261118,0.249261118,,,,,,
16-11-2022,1,11,2022,108,0.070411488,0.235134131,0.235134131,,,,,,
17-11-2022,2,11,2022,80,0.139720227,0.130752515,0.130752515,,,,,,
18-11-2022,3,11,2022,146,0.077234126,0.152693554,0.152693554,,,,,,
19-11-2022,4,11,2022,113,0.14683725,0.16985269,0.16985269,,,,,,
20-11-2022,5,11,2022,158,0.116495006,0.222960057,0.222960057,,,,,,
21-11-2022,6,11,2022,64,0.127554682,0.218583911,0.218583911,,,,,,
22-11-2022,0,11,2022,133,0.141516759,0.165536712,0.165536712,,,,,,
23-11-2022,1,11,2022,50,0.100727733,0.151389444,0.151389444,,,,,,
24-11-2022,2,11,2022,110,0.071687711,0.143282055,0.143282055,,,,,,
25-11-2022,3,11,2022,105,0.124518537,0.228090735,0.228090735,,,,,,
26-11-2022,4,11,2022,125,0.080722723,0.183724254,0.183724254,,,,,,
27-11-2022,5,11,2022,101,0.112094229,0.136441819,0.136441819,,,,,,
28-11-2022,6,11,2022,92,0.123469644,0.205604732,0.205604732,,,,,,
29-11-2022,0,11,2022,97,0.141529873,0.194347051,0.194347051,,,,,,
30-11-2022,1,11,2022,138,0.068958905,0.215498937,0.215498937,,,,,,
01-12-2022,2,12,2022,60,0.110149493,0.151877168,0.151877168,,,,,,
02-12-2022,3,12,2022,125,0.07326246,0.151409172,0.151409172,,,,,,
03-12-2022,4,12,2022,135,0.108775351,0.155282201,0.155282201,,,,,,
04-12-2022,5,12,2022,173,0.080101981,0.239547575,0.239547575,,,,,,
05-12-2022,6,12,2022,129,0.111491999,0.195303889,0.195303889,,,,,,
06-12-2022,0,12,2022,79,0.088282692,0.225779625,0.225779625,,,,,,
07-12-2022,1,12,2022,132,0.103023096,0.249633414,0.249633414,,,,,,
08-12-2022,2,12,2022,101,0.098775994,0.258021237,0.258021237,,,,,,
09-12-2022,3,12,2022,57,0.070161581,0.194213773,0.194213773,,,,,,
10-12-2022,4,12,2022,60,0.130319763,0.210056616,0.210056616,,,,,,
11-12-2022,5,12,2022,69,0.080855263,0.236377237,0.236377237,,,,,,
12-12-2022,6,12,2022,92,0.11722924,0.262450524,0.262450524,,,,,,
13-12-2022,0,12,2022,70,0.104932205,0.14064107,0.14064107,,,,,,
14-12-2022,1,12,2022,179,0.071424892,0.155245192,0.155245192,,,,,,
15-12-2022,2,12,2022,109,0.082130036,0.215128764,0.215128764,,,,,,
16-12-2022,3,12,2022,111,0.136582153,0.218927686,0.218927686,,,,,,
17-12-2022,4,12,2022,113,0.123843513,0.192729961,0.192729961,,,,,,
18-12-2022,5,12,2022,155,0.11773145,0.20570248,0.20570248,,,,,,
19-12-2022,6,12,2022,138,0.12558509,0.172963318,0.172963318,,,,,,
20-12-2022,0,12,2022,108,0.072111804,0.134264646,0.134264646,,,,,,
21-12-2022,1,12,2022,68,0.116758636,0.151866381,0.151866381,,,,,,
22-12-2022,2,12,2022,123,0.106090268,0.142664092,0.142664092,,,,,,
23-12-2022,3,12,2022,66,0.124517462,0.222508913,0.222508913,,,,,,
24-12-2022,4,12,2022,98,0.12875468,0.240977019,0.240977019,,,,,,
25-12-2022,5,12,2022,108,0.134915265,0.236380509,0.236380509,,,,,,
26-12-2022,6,12,2022,69,0.080184068,0.140201751,0.140201751,,,,,,
27-12-2022,0,12,2022,76,0.101721236,0.235631752,0.235631752,,,,,,
28-12-2022,1,12,2022,140,0.116759244,0.215575547,0.215575547,,,,,,
29-12-2022,2,12,2022,122,0.122260916,0.248234258,0.248234258,,,,,,
30-12-2022,3,12,2022,134,0.123594887,0.160040862,0.160040862,,,,,,
31-12-2022,5,12,2022,57,0.08381121,0.137822132,0.137822132,,,,,,
01-01-2023,6,1,2023,152,0.143746398,0.227214153,42.7917273,,,,,,
02-01-2023,0,1,2023,142,0.106658892,0.144212674,38.82974779,,,,,,
03-01-2023,1,1,2023,64,0.175484722,0.295679456,15.29124842,,,,,,
04-01-2023,2,1,2023,156,0.138118041,0.249638381,48.0344042,,,,,,
05-01-2023,3,1,2023,121,0.094106702,0.211562645,11.66800677,,,,,,
06-01-2023,4,1,2023,70,0.15710888,0.13611892,35.57974672,,,,,,
07-01-2023,5,1,2023,152,0.12914716,0.110771641,15.12005976,,,,,,
08-01-2023,6,1,2023,171,0.130168384,0.164011967,24.41212919,,,,,,
09-01-2023,0,1,2023,124,0.122163192,0.250637467,37.36219536,,,,,,
10-01-2023,1,1,2023,137,0.124551792,0.15386626,30.34960889,,,,,,
11-01-2023,2,1,2023,166,0.164803442,0.207911244,24.23758241,,,,,,
12-01-2023,3,1,2023,149,0.065447222,0.245589435,19.68522939,,,,,,
13-01-2023,4,1,2023,153,0.100154422,0.121588743,42.78468451,,,,,,
14-01-2023,5,1,2023,180,0.061325505,0.237059603,11.47164576,,,,,,
15-01-2023,6,1,2023,199,0.162986933,0.118374178,24.35462944,,,,,,
16-01-2023,0,1,2023,102,0.090845278,0.293025948,45.66909073,,,,,,
17-01-2023,1,1,2023,51,0.184614561,0.197678826,43.06322977,,,,,,
18-01-2023,2,1,2023,137,0.12898677,0.130135222,23.04237931,,,,,,
19-01-2023,3,1,2023,87,0.170112466,0.168476727,39.33987636,,,,,,
20-01-2023,4,1,2023,179,0.196839715,0.18268329,42.04223738,,,,,,
21-01-2023,5,1,2023,70,0.175968329,0.251637002,44.99993408,,,,,,
22-01-2023,6,1,2023,107,0.180049064,0.248684757,29.50275961,,,,,,
23-01-2023,0,1,2023,71,0.111197674,0.222388101,14.20073987,,,,,,
24-01-2023,1,1,2023,138,0.132758389,0.121186143,16.48890844,,,,,,
25-01-2023,2,1,2023,98,0.088083285,0.130313874,18.30626033,,,,,,
26-01-2023,3,1,2023,108,0.079416965,0.118751384,31.72111164,,,,,,
27-01-2023,4,1,2023,64,0.125826182,0.215434557,6.476433086,,,,,,
28-01-2023,5,1,2023,100,0.139257347,0.275427688,33.6219111,,,,,,
29-01-2023,6,1,2023,157,0.100890687,0.186760102,21.39594073,,,,,,
30-01-2023,0,1,2023,104,0.135416528,0.132169635,18.28588111,,,,,,
31-01-2023,1,1,2023,113,0.183119072,0.211608465,44.57734568,,,,,,
01-02-2023,2,2,2023,180,0.133508238,0.262350443,25.7001078,,,,,,
02-02-2023,3,2,2023,100,0.158121964,0.248342412,9.277387049,,,,,,
03-02-2023,4,2,2023,184,0.170797245,0.276290156,42.20360456,,,,,,
04-02-2023,5,2,2023,70,0.198309317,0.155580419,7.143856585,,,,,,
05-02-2023,6,2,2023,122,0.14047961,0.138790773,37.70371509,,,,,,
06-02-2023,0,2,2023,67,0.171027522,0.275963297,39.82577998,,,,,,
07-02-2023,1,2,2023,181,0.194397398,0.231512063,20.86711727,,,,,,
08-02-2023,2,2,2023,138,0.191661459,0.162185786,42.11545353,,,,,,
09-02-2023,3,2,2023,109,0.071162277,0.24846961,28.20467326,,,,,,
10-02-2023,4,2,2023,63,0.110958846,0.263023677,25.8482144,,,,,,
11-02-2023,5,2,2023,58,0.098598509,0.222995648,7.043147666,,,,,,
12-02-2023,6,2,2023,139,0.063038752,0.237576822,18.05131371,,,,,,
13-02-2023,0,2,2023,102,0.144986116,0.175051981,46.89544869,,,,,,
14-02-2023,1,2,2023,179,0.160385692,0.207739133,22.63207835,,,,,,
15-02-2023,2,2,2023,133,0.177219214,0.204831834,29.60152343,,,,,,
16-02-2023,3,2,2023,141,0.068416533,0.269609558,28.94097555,,,,,,
17-02-2023,4,2,2023,160,0.181466611,0.267992796,31.56939904,,,,,,
18-02-2023,5,2,2023,57,0.146438835,0.266536094,7.759893004,,,,,,
19-02-2023,6,2,2023,84,0.15559192,0.102206323,21.29793147,,,,,,
20-02-2023,0,2,2023,130,0.186593601,0.249909097,37.54077232,,,,,,
21-02-2023,1,2,2023,99,0.143714191,0.251735278,14.0252113,,,,,,
22-02-2023,2,2,2023,153,0.100379879,0.235675765,14.16102699,,,,,,
23-02-2023,3,2,2023,181,0.1737661,0.251252932,5.454077301,,,,,,
24-02-2023,4,2,2023,51,0.104458882,0.268394074,24.6866867,,,,,,
25-02-2023,5,2,2023,183,0.055134217,0.194063811,44.72304713,,,,,,
26-02-2023,6,2,2023,103,0.174598176,0.200410043,7.335542461,,,,,,
27-02-2023,0,2,2023,155,0.101778822,0.124942811,13.60034193,,,,,,
28-02-2023,1,2,2023,53,0.166075178,0.177075177,18.95380423,,,,,,
01-03-2023,2,3,2023,103,0.104413684,0.228673036,37.92761315,,,,,,
02-03-2023,3,3,2023,195,0.179160203,0.256079955,33.82860168,,,,,,
03-03-2023,4,3,2023,93,0.082926579,0.14344182,23.71747571,,,,,,
04-03-2023,5,3,2023,63,0.19618209,0.12756458,39.15810227,,,,,,
05-03-2023,6,3,2023,144,0.166963816,0.232608401,32.43339552,,,,,,
06-03-2023,0,3,2023,97,0.067135689,0.100375977,45.32183598,,,,,,
07-03-2023,1,3,2023,64,0.134866493,0.135674517,41.81120371,,,,,,
08-03-2023,2,3,2023,89,0.197805097,0.105814276,16.37661227,,,,,,
09-03-2023,3,3,2023,131,0.120659818,0.133377024,17.21473599,,,,,,
10-03-2023,4,3,2023,160,0.077316071,0.136263856,10.64104141,,,,,,
11-03-2023,5,3,2023,102,0.122716755,0.177534719,20.16341266,,,,,,
12-03-2023,6,3,2023,73,0.126868648,0.180465425,49.97947634,,,,,,
13-03-2023,0,3,2023,173,0.161253042,0.274852494,23.25880259,,,,,,
14-03-2023,1,3,2023,90,0.154826878,0.202021942,14.92197956,,,,,,
15-03-2023,2,3,2023,64,0.110382507,0.244680953,39.3117298,,,,,,
16-03-2023,3,3,2023,94,0.082703466,0.120827472,29.41119516,,,,,,
17-03-2023,4,3,2023,114,0.146758125,0.145087751,11.73206523,,,,,,
18-03-2023,5,3,2023,138,0.11325559,0.240588688,22.13103565,,,,,,
19-03-2023,6,3,2023,120,0.069841432,0.110560792,23.6511372,,,,,,
20-03-2023,0,3,2023,58,0.185085845,0.197319532,38.92233653,,,,,,
21-03-2023,1,3,2023,137,0.153683279,0.219873793,5.9302116,,,,,,
22-03-2023,2,3,2023,178,0.152477578,0.220429129,17.10588411,,,,,,
23-03-2023,3,3,2023,185,0.173387581,0.104586562,28.29183356,,,,,,
24-03-2023,4,3,2023,112,0.129449252,0.164421601,17.09810341,,,,,,
25-03-2023,5,3,2023,188,0.172258164,0.22729813,33.27953213,,,,,,
26-03-2023,6,3,2023,130,0.124713613,0.129799947,26.68403657,,,,,,
27-03-2023,0,3,2023,185,0.06007631,0.23908313,21.27696147,,,,,,
28-03-2023,1,3,2023,82,0.110787213,0.249185042,47.71438821,,,,,,
29-03-2023,2,3,2023,172,0.124619734,0.296393838,33.44717746,,,,,,
30-03-2023,3,3,2023,54,0.158030387,0.141968399,10.84736175,,,,,,
31-03-2023,4,3,2023,90,0.06598681,0.265026134,30.20412638,,,,,,
01-04-2023,5,4,2023,77,0.071002781,0.204059315,40.13293339,,,,,,
02-04-2023,6,4,2023,184,0.08955257,0.174692519,36.88203639,,,,,,
03-04-2023,0,4,2023,121,0.089974759,0.124475351,12.74401532,,,,,,
04-04-2023,1,4,2023,61,0.159827687,0.247101121,48.75889996,,,,,,
05-04-2023,2,4,2023,82,0.087609599,0.14717152,25.19661406,,,,,,
06-04-2023,3,4,2023,97,0.14496471,0.1742844,12.15612517,,,,,,
07-04-2023,4,4,2023,111,0.124141078,0.112508445,13.10880894,,,,,,
08-04-2023,5,4,2023,86,0.135994157,0.260273383,9.420574649,,,,,,
09-04-2023,6,4,2023,148,0.175716044,0.253317705,41.15831488,,,,,,
10-04-2023,0,4,2023,153,0.110657225,0.246723166,10.49137224,,,,,,
11-04-2023,1,4,2023,84,0.165636707,0.159888702,10.63063657,,,,,,
12-04-2023,2,4,2023,150,0.113305409,0.134696015,43.27122266,,,,,,
13-04-2023,3,4,2023,180,0.103080706,0.227510653,20.5071838,,,,,,
14-04-2023,4,4,2023,50,0.193794077,0.199233277,6.388605694,,,,,,
15-04-2023,5,4,2023,54,0.077655638,0.135650493,7.335288478,,,,,,
16-04-2023,6,4,2023,191,0.063550544,0.237182254,11.3976701,,,,,,
17-04-2023,0,4,2023,152,0.165647889,0.298225286,14.60270066,,,,,,
18-04-2023,1,4,2023,76,0.060237456,0.249443918,34.93157874,,,,,,
19-04-2023,2,4,2023,186,0.175561849,0.247997277,12.0796826,,,,,,
20-04-2023,3,4,2023,64,0.115579009,0.290062551,10.3493476,,,,,,
21-04-2023,4,4,2023,139,0.187327052,0.140587274,39.41236137,,,,,,
22-04-2023,5,4,2023,91,0.158229929,0.213109993,35.19748777,,,,,,
23-04-2023,6,4,2023,173,0.1415607,0.295929343,24.58958997,,,,,,
24-04-2023,0,4,2023,112,0.19239602,0.133058822,29.71893972,,,,,,
25-04-2023,1,4,2023,145,0.109497406,0.240050392,19.03928091,,,,,,
26-04-2023,2,4,2023,101,0.19311304,0.217162029,26.71251891,,,,,,
27-04-2023,3,4,2023,145,0.070250192,0.217295818,27.8002692,,,,,,
28-04-2023,4,4,2023,181,0.122563241,0.239534126,22.4256772,,,,,,
29-04-2023,5,4,2023,192,0.090486683,0.285923385,45.79574948,,,,,,
30-04-2023,6,4,2023,78,0.130976417,0.256516388,5.722783924,,,,,,
01-05-2023,0,5,2023,85,0.074302082,0.111227221,40.19770684,,,,,,
02-05-2023,1,5,2023,62,0.176229449,0.270545604,10.59722741,,,,,,
03-05-2023,2,5,2023,120,0.176961177,0.145108266,40.88963122,,,,,,
04-05-2023,3,5,2023,135,0.193285447,0.175382833,32.71603621,,,,,,
05-05-2023,4,5,2023,77,0.073200821,0.192346563,42.94751409,,,,,,
06-05-2023,5,5,2023,115,0.143499883,0.1961812,9.388144654,,,,,,
07-05-2023,6,5,2023,94,0.121135596,0.18703608,30.15412853,,,,,,
08-05-2023,0,5,2023,111,0.10165756,0.287470659,27.54895461,,,,,,
09-05-2023,1,5,2023,183,0.102731024,0.241203802,36.77869323,,,,,,
10-05-2023,2,5,2023,77,0.111919033,0.226234129,29.04307484,,,,,,
11-05-2023,3,5,2023,77,0.155738832,0.109968406,29.33305552,,,,,,
12-05-2023,4,5,2023,157,0.139742909,0.280782666,24.33181746,,,,,,
13-05-2023,5,5,2023,93,0.118952227,0.281878038,18.89754908,,,,,,
14-05-2023,6,5,2023,133,0.061390012,0.256042613,26.70189626,,,,,,
15-05-2023,0,5,2023,79,0.061664802,0.101405841,10.33215614,,,,,,
16-05-2023,1,5,2023,124,0.050350909,0.11145605,48.26810025,,,,,,
17-05-2023,2,5,2023,177,0.195154908,0.14504474,37.14848436,,,,,,
18-05-2023,3,5,2023,141,0.050788073,0.126269882,47.86102025,,,,,,
19-05-2023,4,5,2023,178,0.065464062,0.179767206,15.2027322,,,,,,
20-05-2023,5,5,2023,170,0.097189484,0.284524612,44.57034591,,,,,,
21-05-2023,6,5,2023,76,0.171114538,0.194412087,41.39554931,,,,,,
22-05-2023,0,5,2023,170,0.194314818,0.102680525,35.47185856,,,,,,
23-05-2023,1,5,2023,165,0.168502034,0.156549138,33.12631337,,,,,,
24-05-2023,2,5,2023,52,0.153584035,0.108918982,19.24473494,,,,,,
25-05-2023,3,5,2023,152,0.1281951,0.107257525,41.73848532,,,,,,
26-05-2023,4,5,2023,186,0.063005782,0.155143971,27.56819577,,,,,,
27-05-2023,5,5,2023,111,0.193725619,0.155122468,8.190120915,,,,,,
28-05-2023,6,5,2023,100,0.163758862,0.257425321,19.07884224,,,,,,
29-05-2023,0,5,2023,108,0.145842408,0.294966931,47.08836943,,,,,,
30-05-2023,1,5,2023,167,0.163855377,0.174241419,43.28061173,,,,,,
31-05-2023,2,5,2023,145,0.158615499,0.185777376,49.18575641,,,,,,
01-06-2023,3,6,2023,162,0.145584737,0.268957887,33.25970222,,,,,,
02-06-2023,4,6,2023,111,0.19708652,0.153627804,16.13795329,,,,,,
03-06-2023,5,6,2023,101,0.185504572,0.131276361,12.32667724,,,,,,
04-06-2023,6,6,2023,61,0.146999738,0.270617925,13.41114983,,,,,,
05-06-2023,0,6,2023,88,0.153976282,0.109300117,5.890804626,,,,,,
06-06-2023,1,6,2023,179,0.057739371,0.223939888,22.58069499,,,,,,
07-06-2023,2,6,2023,180,0.15048762,0.212398569,13.61424562,,,,,,
08-06-2023,3,6,2023,162,0.056624816,0.16918409,23.52449572,,,,,,
09-06-2023,4,6,2023,150,0.138239564,0.163037904,47.07474943,,,,,,
10-06-2023,5,6,2023,162,0.199903025,0.254371545,24.37430943,,,,,,
11-06-2023,6,6,2023,130,0.133370987,0.117284922,44.50930236,,,,,,
12-06-2023,0,6,2023,162,0.120981518,0.147356862,32.2477145,,,,,,
13-06-2023,1,6,2023,51,0.096928228,0.246489746,16.12091996,,,,,,
14-06-2023,2,6,2023,179,0.068078387,0.209664117,21.01346417,,,,,,
15-06-2023,3,6,2023,103,0.159653551,0.125597642,8.776379112,,,,,,
16-06-2023,4,6,2023,136,0.078889854,0.276427123,20.00581671,,,,,,
17-06-2023,5,6,2023,178,0.067292303,0.178689569,35.48934255,,,,,,
18-06-2023,6,6,2023,196,0.113264399,0.265573675,8.244999182,,,,,,
19-06-2023,0,6,2023,175,0.169301276,0.257542603,14.24306338,,,,,,
20-06-2023,1,6,2023,179,0.161759682,0.224885089,22.16484686,,,,,,
21-06-2023,2,6,2023,102,0.058232392,0.198896226,49.19222917,,,,,,
22-06-2023,3,6,2023,117,0.118271553,0.295910168,40.31878203,,,,,,
23-06-2023,4,6,2023,172,0.128365186,0.128993014,38.00690359,,,,,,
24-06-2023,5,6,2023,194,0.146681998,0.245031146,10.22859304,,,,,,
25-06-2023,6,6,2023,87,0.147525103,0.13823814,40.14481521,,,,,,
26-06-2023,0,6,2023,73,0.104704587,0.167652621,40.33709652,,,,,,
27-06-2023,1,6,2023,118,0.134101579,0.161739749,32.0496213,,,,,,
28-06-2023,2,6,2023,165,0.122159283,0.289407198,49.56628019,,,,,,
29-06-2023,3,6,2023,147,0.182749753,0.293471236,19.63642577,,,,,,
30-06-2023,4,6,2023,188,0.12953977,0.136603089,47.35726017,,,,,,
01-07-2023,5,7,2023,193,0.116154824,0.104407032,46.16290017,,,,,,
02-07-2023,6,7,2023,146,0.110672817,0.244001608,5.516629689,,,,,,
03-07-2023,0,7,2023,173,0.135864164,0.183597987,25.25524369,,,,,,
04-07-2023,1,7,2023,119,0.170596547,0.117768049,48.96969049,,,,,,
05-07-2023,2,7,2023,142,0.130760224,0.236750821,9.640461308,,,,,,
06-07-2023,3,7,2023,52,0.149248276,0.209021106,29.65031125,,,,,,
07-07-2023,4,7,2023,197,0.160678365,0.296103364,49.05308782,,,,,,
08-07-2023,5,7,2023,196,0.128025216,0.145481899,29.99729408,,,,,,
09-07-2023,6,7,2023,139,0.114022558,0.180795575,13.54168863,,,,,,
10-07-2023,0,7,2023,196,0.181499807,0.208509161,31.19824535,,,,,,
11-07-2023,1,7,2023,197,0.112625913,0.258339998,14.19982583,,,,,,
12-07-2023,2,7,2023,145,0.119291428,0.209767731,28.38669183,,,,,,
13-07-2023,3,7,2023,101,0.198551197,0.222580032,8.331899806,,,,,,
14-07-2023,4,7,2023,177,0.050035629,0.14522941,32.24672011,,,,,,
15-07-2023,5,7,2023,88,0.077820936,0.269383746,28.25554726,,,,,,
16-07-2023,6,7,2023,131,0.107594583,0.185726109,38.30726159,,,,,,
17-07-2023,0,7,2023,153,0.189888486,0.128191926,33.3815212,,,,,,
18-07-2023,1,7,2023,178,0.060504456,0.232837583,29.73228208,,,,,,
19-07-2023,2,7,2023,60,0.051422815,0.143218091,36.04004822,,,,,,
20-07-2023,3,7,2023,91,0.057902575,0.119512502,11.47738611,,,,,,
21-07-2023,4,7,2023,148,0.063281512,0.272397382,31.79118476,,,,,,
22-07-2023,5,7,2023,56,0.055639516,0.192032453,12.74497713,,,,,,
23-07-2023,6,7,2023,193,0.121967199,0.249856743,46.64849935,,,,,,
24-07-2023,0,7,2023,139,0.137113581,0.158117512,8.075034718,,,,,,
25-07-2023,1,7,2023,161,0.090753046,0.257394027,24.36686374,,,,,,
26-07-2023,2,7,2023,109,0.109743108,0.122387185,36.31088649,,,,,,
27-07-2023,3,7,2023,162,0.0637549,0.171194675,25.61099953,,,,,,
28-07-2023,4,7,2023,51,0.10045557,0.295612364,9.144286395,,,,,,
29-07-2023,5,7,2023,178,0.128377879,0.258797943,29.90205573,,,,,,
30-07-2023,6,7,2023,97,0.159840771,0.199451186,33.8734359,,,,,,
31-07-2023,0,7,2023,189,0.050501954,0.167955494,36.67065399,,,,,,
01-08-2023,1,8,2023,86,0.120096615,0.27442714,21.79669165,,,,,,
02-08-2023,2,8,2023,58,0.094550431,0.208969552,30.3646987,,,,,,
03-08-2023,3,8,2023,148,0.177923273,0.251685004,25.28089137,,,,,,
04-08-2023,4,8,2023,196,0.157332997,0.250821536,35.24252174,,,,,,
05-08-2023,5,8,2023,97,0.13836628,0.103589136,31.26006353,,,,,,
06-08-2023,6,8,2023,180,0.091589847,0.125250757,28.65902988,,,,,,
07-08-2023,0,8,2023,197,0.186550865,0.231925873,16.22859651,,,,,,
08-08-2023,1,8,2023,103,0.056765102,0.132323962,5.090833299,,,,,,
09-08-2023,2,8,2023,169,0.06642014,0.151098669,12.83367539,,,,,,
10-08-2023,3,8,2023,165,0.108744521,0.289327591,10.26797186,,,,,,
11-08-2023,4,8,2023,124,0.068665634,0.212036452,25.20881353,,,,,,
12-08-2023,5,8,2023,162,0.193462355,0.250145901,32.55161678,,,,,,
13-08-2023,6,8,2023,153,0.169698398,0.211596148,14.58882539,,,,,,
14-08-2023,0,8,2023,133,0.088847398,0.210502723,47.25756932,,,,,,
15-08-2023,1,8,2023,161,0.138283134,0.118830382,5.300695815,,,,,,
16-08-2023,2,8,2023,148,0.197349577,0.168732639,39.75354568,,,,,,
17-08-2023,3,8,2023,142,0.182629847,0.15648618,33.13421463,,,,,,
18-08-2023,4,8,2023,195,0.140119767,0.178145673,21.80996605,,,,,,
19-08-2023,5,8,2023,177,0.185558595,0.259668838,7.272002499,,,,,,
20-08-2023,6,8,2023,159,0.198377736,0.174386534,33.23689573,,,,,,
21-08-2023,0,8,2023,131,0.161502923,0.190339364,22.35260808,,,,,,
22-08-2023,1,8,2023,103,0.059747961,0.179476278,47.13202127,,,,,,
23-08-2023,2,8,2023,117,0.110237035,0.118681594,29.38955337,,,,,,
24-08-2023,3,8,2023,82,0.17567386,0.188214432,47.28431801,,,,,,
25-08-2023,4,8,2023,191,0.084585379,0.139121855,14.92176621,,,,,,
26-08-2023,5,8,2023,70,0.174596378,0.137344659,37.65766597,,,,,,
27-08-2023,6,8,2023,97,0.068050814,0.118807221,32.77620594,,,,,,
28-08-2023,0,8,2023,197,0.057041804,0.171334195,38.27337034,,,,,,
29-08-2023,1,8,2023,177,0.107613592,0.251496377,14.66005388,,,,,,
30-08-2023,2,8,2023,185,0.055509791,0.155288338,34.92475323,,,,,,
31-08-2023,3,8,2023,184,0.193590539,0.16246982,27.41181769,,,,,,
01-09-2023,4,9,2023,194,0.173930854,0.228534932,38.42712387,,,,,,
02-09-2023,5,9,2023,177,0.170115453,0.139168163,19.71700899,,,,,,
03-09-2023,6,9,2023,82,0.144466688,0.279391586,45.05256615,,,,,,
04-09-2023,0,9,2023,164,0.082448603,0.204038105,8.793559158,,,,,,
05-09-2023,1,9,2023,168,0.127739055,0.189520588,41.32351935,,,,,,
06-09-2023,2,9,2023,71,0.139591111,0.211564038,43.75938316,,,,,,
07-09-2023,3,9,2023,87,0.128754725,0.133206863,41.77635401,,,,,,
08-09-2023,4,9,2023,158,0.089035005,0.222694628,28.07268774,,,,,,
09-09-2023,5,9,2023,100,0.127287189,0.172620147,24.7273241,,,,,,
10-09-2023,6,9,2023,57,0.123677951,0.279437268,49.83180289,,,,,,
11-09-2023,0,9,2023,76,0.199450366,0.133770841,15.3127378,,,,,,
12-09-2023,1,9,2023,76,0.184615422,0.201410221,29.60941846,,,,,,
13-09-2023,2,9,2023,70,0.119507112,0.219622526,35.18039864,,,,,,
14-09-2023,3,9,2023,79,0.143440607,0.10667672,36.53904361,,,,,,
15-09-2023,4,9,2023,146,0.162180741,0.172738625,14.18110996,,,,,,
16-09-2023,5,9,2023,77,0.055229774,0.246527047,34.42973416,,,,,,
17-09-2023,6,9,2023,160,0.184238216,0.264075501,41.82663049,,,,,,
18-09-2023,0,9,2023,110,0.179019022,0.162632399,7.250835957,,,,,,
19-09-2023,1,9,2023,97,0.118614815,0.259718654,46.0184582,,,,,,
20-09-2023,2,9,2023,196,0.108675465,0.293551175,6.327682482,,,,,,
21-09-2023,3,9,2023,53,0.090943906,0.271374787,21.01869646,,,,,,
22-09-2023,4,9,2023,84,0.121501524,0.123528798,5.71159383,,,,,,
23-09-2023,5,9,2023,98,0.0566565,0.247946066,8.471532584,,,,,,
24-09-2023,6,9,2023,66,0.17782903,0.163933366,46.00257283,,,,,,
25-09-2023,0,9,2023,95,0.055313355,0.297683198,20.96873738,,,,,,
26-09-2023,1,9,2023,166,0.099357705,0.197071797,24.11471887,,,,,,
27-09-2023,2,9,2023,55,0.189738423,0.12448678,14.69049716,,,,,,
28-09-2023,3,9,2023,148,0.160281898,0.24503711,31.86930966,,,,,,
29-09-2023,4,9,2023,173,0.092208644,0.16460224,31.76614466,,,,,,
30-09-2023,5,9,2023,86,0.087897364,0.299415631,21.74901763,,,,,,
01-10-2023,6,10,2023,73,0.050762321,0.295956492,19.98656923,,,,,,
02-10-2023,0,10,2023,142,0.154357144,0.231226804,44.82339387,,,,,,
03-10-2023,1,10,2023,95,0.057317537,0.12596529,22.24779078,,,,,,
04-10-2023,2,10,2023,144,0.129890378,0.2373722,27.20754465,,,,,,
05-10-2023,3,10,2023,148,0.194318296,0.118606097,17.74871431,,,,,,
06-10-2023,4,10,2023,165,0.066420329,0.105872832,40.40462765,,,,,,
07-10-2023,5,10,2023,116,0.18417199,0.264591689,22.88516706,,,,,,
08-10-2023,6,10,2023,177,0.1987213,0.14195059,28.11249709,,,,,,
09-10-2023,0,10,2023,67,0.059227554,0.175805425,16.40107265,,,,,,
10-10-2023,1,10,2023,74,0.18243594,0.294691478,49.44468166,,,,,,
11-10-2023,2,10,2023,103,0.127411853,0.1673681,18.11730834,,,,,,
12-10-2023,3,10,2023,107,0.185977058,0.159297956,39.68341389,,,,,,
13-10-2023,4,10,2023,116,0.135697841,0.2836416,24.23730427,,,,,,
14-10-2023,5,10,2023,153,0.149316802,0.122149689,14.27978323,,,,,,
15-10-2023,6,10,2023,73,0.131566836,0.251916482,40.98734438,,,,,,
16-10-2023,0,10,2023,163,0.179673932,0.297613113,20.01230551,,,,,,
17-10-2023,1,10,2023,81,0.160086488,0.280259202,43.93370063,,,,,,
18-10-2023,2,10,2023,135,0.128189047,0.230333584,46.18657332,,,,,,
19-10-2023,3,10,2023,176,0.180224121,0.162812159,43.69207259,,,,,,
20-10-2023,4,10,2023,179,0.08679283,0.150864396,6.575356166,,,,,,
21-10-2023,5,10,2023,66,0.073601099,0.263851021,40.43180053,,,,,,
22-10-2023,6,10,2023,153,0.074060016,0.275964383,23.51027599,,,,,,
23-10-2023,0,10,2023,186,0.100101332,0.205086983,44.31753141,,,,,,
24-10-2023,1,10,2023,92,0.085803505,0.148867988,33.70794182,,,,,,
25-10-2023,2,10,2023,88,0.189513553,0.122588642,42.51394104,,,,,,
26-10-2023,3,10,2023,75,0.065875114,0.117435894,27.47442964,,,,,,
27-10-2023,4,10,2023,148,0.154848611,0.243815489,29.07614771,,,,,,
28-10-2023,5,10,2023,99,0.078383231,0.184023746,11.49744345,,,,,,
29-10-2023,6,10,2023,62,0.18224557,0.281071975,40.27943114,,,,,,
30-10-2023,0,10,2023,109,0.194197293,0.24793426,23.87253253,,,,,,
31-10-2023,1,10,2023,184,0.119820501,0.138252084,27.50360532,,,,,,
01-11-2023,2,11,2023,106,0.181860722,0.222755484,40.32939713,,,,,,
02-11-2023,3,11,2023,85,0.050771776,0.187101091,31.948043,,,,,,
03-11-2023,4,11,2023,69,0.172992038,0.215449946,14.04944273,,,,,,
04-11-2023,5,11,2023,114,0.084293774,0.247613825,31.56046966,,,,,,
05-11-2023,6,11,2023,57,0.186305196,0.261239176,23.34347861,,,,,,
06-11-2023,0,11,2023,193,0.050168017,0.268747465,26.12864939,,,,,,
07-11-2023,1,11,2023,191,0.13342726,0.150794975,6.274007348,,,,,,
08-11-2023,2,11,2023,164,0.163495371,0.10622312,14.45132073,,,,,,
09-11-2023,3,11,2023,192,0.08880325,0.247858947,17.64671366,,,,,,
10-11-2023,4,11,2023,141,0.07896993,0.121268745,37.08320035,,,,,,
11-11-2023,5,11,2023,147,0.062614734,0.162983918,5.517161298,,,,,,
12-11-2023,6,11,2023,115,0.098965036,0.100763427,23.39497676,,,,,,
13-11-2023,0,11,2023,81,0.133976647,0.236333896,46.58120917,,,,,,
14-11-2023,1,11,2023,135,0.067376579,0.133426402,10.03462774,,,,,,
15-11-2023,2,11,2023,100,0.106504304,0.231056482,28.23909747,,,,,,
16-11-2023,3,11,2023,112,0.051360861,0.298348523,40.39350721,,,,,,
17-11-2023,4,11,2023,174,0.172801913,0.114534174,47.41390884,,,,,,
18-11-2023,5,11,2023,199,0.069267308,0.115415602,38.60494878,,,,,,
19-11-2023,6,11,2023,107,0.092501442,0.168076019,37.42544969,,,,,,
20-11-2023,0,11,2023,107,0.052764158,0.273277303,42.19196406,,,,,,
21-11-2023,1,11,2023,135,0.114836118,0.143105974,25.07905494,,,,,,
22-11-2023,2,11,2023,98,0.176018225,0.172075564,41.26300397,,,,,,
23-11-2023,3,11,2023,119,0.108822682,0.113701081,5.358398214,,,,,,
24-11-2023,4,11,2023,64,0.076924599,0.252631058,46.60524749,,,,,,
25-11-2023,5,11,2023,103,0.163054825,0.181661269,24.94879293,,,,,,
26-11-2023,6,11,2023,150,0.168321047,0.251849747,29.90210845,,,,,,
27-11-2023,0,11,2023,57,0.076063021,0.280721569,16.4697012,,,,,,
28-11-2023,1,11,2023,102,0.165628116,0.146552629,38.41388748,,,,,,
29-11-2023,2,11,2023,109,0.192094683,0.261479206,8.448611291,,,,,,
30-11-2023,3,11,2023,157,0.074956638,0.111818778,44.26861111,,,,,,
01-12-2023,4,12,2023,54,0.165647644,0.279769478,42.26525731,,,,,,
02-12-2023,5,12,2023,152,0.156285801,0.23015371,14.72270523,,,,,,
03-12-2023,6,12,2023,55,0.121036083,0.274845345,41.41959792,,,,,,
04-12-2023,0,12,2023,158,0.058688069,0.10003768,40.38609799,,,,,,
05-12-2023,1,12,2023,165,0.061204163,0.133816214,33.4497469,,,,,,
06-12-2023,2,12,2023,143,0.177862199,0.177951877,21.80840796,,,,,,
07-12-2023,3,12,2023,96,0.198522256,0.175900581,17.21744394,,,,,,
08-12-2023,4,12,2023,148,0.151407839,0.145346077,15.43026156,,,,,,
09-12-2023,5,12,2023,104,0.116893746,0.176322388,19.33740332,,,,,,
10-12-2023,6,12,2023,101,0.147136047,0.125769742,45.66012995,,,,,,
11-12-2023,0,12,2023,193,0.139159379,0.182552226,8.493834919,,,,,,
12-12-2023,1,12,2023,62,0.107541839,0.260470866,42.29920743,,,,,,
13-12-2023,2,12,2023,163,0.059843922,0.195814013,20.70005338,,,,,,
14-12-2023,3,12,2023,173,0.173226942,0.103600018,28.47197282,,,,,,
15-12-2023,4,12,2023,155,0.105775029,0.184288808,40.75185351,,,,,,
16-12-2023,5,12,2023,196,0.172817847,0.105435003,44.79694462,,,,,,
17-12-2023,6,12,2023,194,0.087876312,0.293248682,20.5151639,,,,,,
18-12-2023,0,12,2023,169,0.050154422,0.125490792,25.78295666,,,,,,
19-12-2023,1,12,2023,112,0.073840742,0.241537665,23.65322292,,,,,,
20-12-2023,2,12,2023,68,0.120280913,0.294555265,5.596296508,,,,,,
21-12-2023,3,12,2023,141,0.191645545,0.26520781,18.31743,,,,,,
22-12-2023,4,12,2023,107,0.065329043,0.239863075,25.66351552,,,,,,
23-12-2023,5,12,2023,139,0.178131466,0.267892182,23.4992124,,,,,,
24-12-2023,6,12,2023,166,0.129053614,0.296359739,37.48681524,,,,,,
25-12-2023,0,12,2023,111,0.173888115,0.224268899,22.31616277,,,,,,
26-12-2023,1,12,2023,72,0.094756165,0.211836961,27.0219402,,,,,,
27-12-2023,2,12,2023,176,0.175992075,0.225647622,24.33238665,,,,,,
28-12-2023,3,12,2023,186,0.165923417,0.206535177,38.3281767,,,,,,
29-12-2023,4,12,2023,189,0.084508052,0.227017821,43.83375795,,,,,,
30-12-2023,5,12,2023,178,0.069700269,0.189968442,28.93500856,,,,,,
31-12-2023,6,12,2023,107,0.180208148,0.143688637,40.52444874,,,,,,
01-01-2024,0,1,2024,171,0.194485498,0.124049445,18.35540069,,,,,,
02-01-2024,1,1,2024,50,0.054695347,0.113668187,29.36163246,,,,,,
03-01-2024,2,1,2024,83,0.15969051,0.152663157,20.53534792,,,,,,
04-01-2024,3,1,2024,145,0.186428677,0.109224713,23.63904165,,,,,,
05-01-2024,4,1,2024,175,0.178604014,0.213434156,37.95862392,,,,,,
06-01-2024,5,1,2024,167,0.194678071,0.156765689,44.6748117,,,,,,
07-01-2024,6,1,2024,97,0.164014112,0.264906962,10.4672926,,,,,,
08-01-2024,0,1,2024,138,0.116344814,0.114848175,33.55876654,,,,,,
09-01-2024,1,1,2024,166,0.096792799,0.145270299,31.19647134,,,,,,
10-01-2024,2,1,2024,178,0.098111411,0.246049229,10.32867676,,,,,,
11-01-2024,3,1,2024,65,0.158663401,0.219761659,14.53524487,,,,,,
12-01-2024,4,1,2024,118,0.161875552,0.112898254,18.99511226,,,,,,
13-01-2024,5,1,2024,71,0.080053872,0.275447891,12.51189819,,,,,,
14-01-2024,6,1,2024,142,0.180218422,0.275452353,15.96782671,,,,,,
15-01-2024,0,1,2024,125,0.157238606,0.166081601,17.04203595,,,,,,
16-01-2024,1,1,2024,193,0.134412543,0.168081169,20.10532249,,,,,,
17-01-2024,2,1,2024,135,0.120729869,0.297805672,38.72257038,,,,,,
18-01-2024,3,1,2024,78,0.131484921,0.225235234,30.73604917,,,,,,
19-01-2024,4,1,2024,118,0.073886861,0.206263304,49.38110024,,,,,,
20-01-2024,5,1,2024,96,0.080555187,0.267630437,23.66311221,,,,,,
21-01-2024,6,1,2024,143,0.063674674,0.157058068,38.92392832,,,,,,
22-01-2024,0,1,2024,193,0.073048706,0.185836519,44.21607896,,,,,,
23-01-2024,1,1,2024,134,0.118054045,0.153555335,35.55403219,,,,,,
24-01-2024,2,1,2024,88,0.129553159,0.257832169,23.53391332,,,,,,
25-01-2024,3,1,2024,149,0.052679284,0.214669869,38.91175838,,,,,,
26-01-2024,4,1,2024,82,0.169519674,0.231765014,14.1650212,,,,,,
27-01-2024,5,1,2024,150,0.094125196,0.15046145,19.73984743,,,,,,
28-01-2024,6,1,2024,72,0.186775405,0.14404506,29.60083648,,,,,,
29-01-2024,0,1,2024,59,0.19512669,0.197674926,30.89342243,,,,,,
30-01-2024,1,1,2024,118,0.077818831,0.24751315,5.996366396,,,,,,
31-01-2024,2,1,2024,149,0.119314594,0.205047952,47.53013849,,,,,,
01-02-2024,3,2,2024,83,0.050184775,0.106529136,36.3482272,,,,,,
02-02-2024,4,2,2024,187,0.13974909,0.273710301,27.30666876,,,,,,
03-02-2024,5,2,2024,196,0.141095967,0.112937379,46.99072555,,,,,,
04-02-2024,6,2,2024,145,0.087130993,0.291164897,24.75930044,,,,,,
05-02-2024,0,2,2024,50,0.133761901,0.105028392,49.11960066,,,,,,
06-02-2024,1,2,2024,118,0.083831021,0.238890091,28.05281408,,,,,,
07-02-2024,2,2,2024,53,0.07412382,0.116441413,10.14285965,,,,,,
08-02-2024,3,2,2024,65,0.14772792,0.282135316,39.41604376,,,,,,
09-02-2024,4,2,2024,73,0.09888882,0.192886647,35.55039763,,,,,,
10-02-2024,5,2,2024,129,0.138539591,0.127504755,39.78440246,,,,,,
11-02-2024,6,2,2024,51,0.114987012,0.16816314,47.81489129,,,,,,
12-02-2024,0,2,2024,177,0.197652711,0.132964935,39.94201862,,,,,,
13-02-2024,1,2,2024,133,0.072437096,0.134116382,32.5101471,,,,,,
14-02-2024,2,2,2024,189,0.119689789,0.289621664,43.57890061,,,,,,
15-02-2024,3,2,2024,173,0.152068494,0.189049222,35.29608977,,,,,,
16-02-2024,4,2,2024,82,0.109331763,0.257760453,23.36535756,,,,,,
17-02-2024,5,2,2024,150,0.196204978,0.227921112,44.85288939,,,,,,
18-02-2024,6,2,2024,61,0.158283144,0.235285272,14.98552074,,,,,,
19-02-2024,0,2,2024,116,0.148547579,0.126338688,37.15885737,,,,,,
20-02-2024,1,2,2024,114,0.16355889,0.146836889,44.67035547,,,,,,
21-02-2024,2,2,2024,123,0.192897296,0.257350067,37.90924339,,,,,,
22-02-2024,3,2,2024,92,0.186172798,0.294153241,36.37739386,,,,,,
23-02-2024,4,2,2024,93,0.158642796,0.152535129,38.86872323,,,,,,
24-02-2024,5,2,2024,78,0.162374246,0.154313753,25.92748617,,,,,,
25-02-2024,6,2,2024,190,0.071888311,0.194579427,44.3376807,,,,,,
26-02-2024,0,2,2024,61,0.065418861,0.296768063,14.15464138,,,,,,
27-02-2024,1,2,2024,144,0.135635675,0.153791789,10.73238872,,,,,,
28-02-2024,2,2,2024,95,0.052755146,0.181394382,17.84789511,,,,,,
29-02-2024,3,2,2024,179,0.122353457,0.278296003,28.92098285,,,,,,
01-03-2024,4,3,2024,84,0.081552437,0.100584207,27.97528079,,,,,,
02-03-2024,5,3,2024,130,0.101902485,0.107953193,41.9269441,,,,,,
03-03-2024,6,3,2024,139,0.16637071,0.220814335,23.20558954,,,,,,
04-03-2024,0,3,2024,57,0.191185626,0.281476033,26.79549918,,,,,,
05-03-2024,1,3,2024,142,0.060862441,0.147771332,5.601545747,,,,,,
06-03-2024,2,3,2024,139,0.130136331,0.193928355,23.43826564,,,,,,
07-03-2024,3,3,2024,164,0.182380023,0.19009306,34.14984048,,,,,,
08-03-2024,4,3,2024,154,0.06237628,0.194594269,5.697874878,,,,,,
09-03-2024,5,3,2024,184,0.173677107,0.224503939,17.63968843,,,,,,
10-03-2024,6,3,2024,107,0.103670203,0.193948753,14.35803617,,,,,,
11-03-2024,0,3,2024,163,0.098314205,0.189493628,6.889344301,,,,,,
12-03-2024,1,3,2024,124,0.196619958,0.194857684,26.56670405,,,,,,
13-03-2024,2,3,2024,169,0.080128863,0.218173488,13.1775482,,,,,,
14-03-2024,3,3,2024,70,0.153979091,0.207401498,38.43866928,,,,,,
15-03-2024,4,3,2024,187,0.173216109,0.2708272,43.15675477,,,,,,
16-03-2024,5,3,2024,150,0.056177524,0.109899371,29.55133322,,,,,,
17-03-2024,6,3,2024,148,0.150557819,0.266663414,49.17683041,,,,,,
18-03-2024,0,3,2024,85,0.192732496,0.268784923,25.27153572,,,,,,
19-03-2024,1,3,2024,145,0.068632995,0.156981604,28.10156946,,,,,,
20-03-2024,2,3,2024,86,0.184433195,0.192570391,49.51479893,,,,,,
21-03-2024,3,3,2024,61,0.139216496,0.187707698,15.41967962,,,,,,
22-03-2024,4,3,2024,162,0.142490687,0.143701967,47.41456729,,,,,,
23-03-2024,5,3,2024,62,0.141941626,0.179359369,6.92768998,,,,,,
24-03-2024,6,3,2024,72,0.094825383,0.108877554,25.08741006,,,,,,
25-03-2024,0,3,2024,148,0.190280272,0.155564415,8.150158046,,,,,,
26-03-2024,1,3,2024,154,0.192102569,0.263336435,37.81556343,,,,,,
27-03-2024,2,3,2024,79,0.143795699,0.15691246,32.37840211,,,,,,
28-03-2024,3,3,2024,66,0.167513409,0.263641334,36.79854186,,,,,,
29-03-2024,4,3,2024,162,0.141838698,0.206319893,21.851618,,,,,,
30-03-2024,5,3,2024,111,0.122659767,0.275972535,21.62668703,,,,,,
31-03-2024,6,3,2024,133,0.149123018,0.214955911,7.039367553,,,,,,
01-04-2024,0,4,2024,161,0.132950218,0.105933645,20.74752228,,,,,,
02-04-2024,1,4,2024,135,0.139621379,0.235084042,46.8179781,,,,,,
03-04-2024,2,4,2024,190,0.167574883,0.108970714,22.06519417,,,,,,
04-04-2024,3,4,2024,68,0.122135575,0.190119404,42.41154678,,,,,,
05-04-2024,4,4,2024,149,0.056113116,0.285885339,42.90464771,,,,,,
06-04-2024,5,4,2024,189,0.074599922,0.133040788,21.79585204,,,,,,
07-04-2024,6,4,2024,196,0.115791082,0.177974471,33.43949062,,,,,,
08-04-2024,0,4,2024,125,0.158723984,0.245972062,9.291722102,,,,,,
09-04-2024,1,4,2024,58,0.138991797,0.276451711,9.665536133,,,,,,
10-04-2024,2,4,2024,77,0.147544128,0.234188601,7.189594865,,,,,,
11-04-2024,3,4,2024,177,0.121891839,0.151634651,31.1456792,,,,,,
12-04-2024,4,4,2024,101,0.142361303,0.234921571,24.17319399,,,,,,
13-04-2024,5,4,2024,132,0.099352616,0.159345528,29.66145605,,,,,,
14-04-2024,6,4,2024,160,0.120527389,0.243685846,28.44829357,,,,,,
15-04-2024,0,4,2024,193,0.16164186,0.290806626,20.7591346,,,,,,
16-04-2024,1,4,2024,166,0.180774917,0.24427869,35.48630367,,,,,,
17-04-2024,2,4,2024,118,0.1150483,0.272576101,39.13258464,,,,,,
18-04-2024,3,4,2024,148,0.056549249,0.100420769,5.658271649,,,,,,
19-04-2024,4,4,2024,189,0.074250882,0.243514425,14.32590349,,,,,,
20-04-2024,5,4,2024,74,0.053129171,0.265917511,37.09561406,,,,,,
21-04-2024,6,4,2024,172,0.147989453,0.108111748,22.39790777,,,,,,
22-04-2024,0,4,2024,102,0.099847194,0.274319545,34.81177761,,,,,,
23-04-2024,1,4,2024,193,0.131371795,0.151338846,20.61331969,,,,,,
24-04-2024,2,4,2024,106,0.123991527,0.23305842,22.58398185,,,,,,
25-04-2024,3,4,2024,88,0.062228973,0.260070976,12.14054932,,,,,,
26-04-2024,4,4,2024,158,0.110489204,0.232532903,16.62039588,,,,,,
27-04-2024,5,4,2024,91,0.083084169,0.118456958,32.24352909,,,,,,
28-04-2024,6,4,2024,191,0.112759968,0.219264304,24.49234001,,,,,,
29-04-2024,0,4,2024,171,0.080536742,0.209916731,39.84362073,,,,,,
30-04-2024,1,4,2024,182,0.176067861,0.280064254,43.36632297,,,,,,
01-05-2024,2,5,2024,124,0.076129,0.180847946,29.37408882,,,,,,
02-05-2024,3,5,2024,195,0.194117083,0.164216219,39.12202814,,,,,,
03-05-2024,4,5,2024,125,0.112386105,0.249970153,18.81070309,,,,,,
04-05-2024,5,5,2024,58,0.176936794,0.182535065,23.67370469,,,,,,
05-05-2024,6,5,2024,123,0.144314723,0.229219235,37.07499543,,,,,,
06-05-2024,0,5,2024,194,0.160302545,0.229290018,22.37953968,,,,,,
07-05-2024,1,5,2024,56,0.165158583,0.277607813,31.48272208,,,,,,
08-05-2024,2,5,2024,190,0.125726732,0.21973848,13.34177506,,,,,,
09-05-2024,3,5,2024,186,0.131495079,0.200430722,31.98970917,,,,,,
10-05-2024,4,5,2024,76,0.12709938,0.127774265,43.76811683,,,,,,
11-05-2024,5,5,2024,171,0.138208757,0.123147521,44.08878379,,,,,,
12-05-2024,6,5,2024,54,0.054409167,0.130864313,37.59549828,,,,,,
13-05-2024,0,5,2024,78,0.109327275,0.134369696,38.55890206,,,,,,
14-05-2024,1,5,2024,132,0.140928307,0.227575419,30.10673503,,,,,,
15-05-2024,2,5,2024,185,0.139658535,0.24819625,31.31006406,,,,,,
16-05-2024,3,5,2024,158,0.168943414,0.205998305,11.01427616,,,,,,
17-05-2024,4,5,2024,114,0.148251401,0.265803547,24.97366348,,,,,,
18-05-2024,5,5,2024,135,0.198819997,0.298252645,25.28493277,,,,,,
19-05-2024,6,5,2024,194,0.092578179,0.264002526,48.13240261,,,,,,
20-05-2024,0,5,2024,120,0.103872654,0.238976475,24.39890882,,,,,,
21-05-2024,1,5,2024,94,0.107577073,0.20649854,29.72041902,,,,,,
22-05-2024,2,5,2024,181,0.119871921,0.189770614,28.99631297,,,,,,
23-05-2024,3,5,2024,85,0.17539971,0.116878476,33.65427727,,,,,,
24-05-2024,4,5,2024,119,0.085368814,0.17987375,38.67047741,,,,,,
25-05-2024,5,5,2024,68,0.166400031,0.282026927,15.12688443,,,,,,
26-05-2024,6,5,2024,157,0.110796527,0.261604526,28.79259886,,,,,,
27-05-2024,0,5,2024,140,0.140278308,0.143210273,42.16629683,,,,,,
28-05-2024,1,5,2024,139,0.14488108,0.193321557,25.84016212,,,,,,
29-05-2024,2,5,2024,68,0.105927296,0.263344641,17.53058959,,,,,,
30-05-2024,3,5,2024,88,0.126892281,0.113476911,34.46190839,,,,,,
31-05-2024,4,5,2024,175,0.111954676,0.177478517,42.06953281,,,,,,
01-06-2024,5,6,2024,190,0.060369918,0.270368247,7.841313182,,,,,,
02-06-2024,6,6,2024,175,0.115574808,0.180779573,39.95557175,,,,,,
03-06-2024,0,6,2024,107,0.064609009,0.115522929,41.97415698,,,,,,
04-06-2024,1,6,2024,197,0.11075312,0.208506874,25.76853174,,,,,,
05-06-2024,2,6,2024,110,0.13893776,0.272348499,49.24875456,,,,,,
06-06-2024,3,6,2024,176,0.136912235,0.218057109,40.40187533,,,,,,
07-06-2024,4,6,2024,154,0.149393192,0.145255822,39.81481542,,,,,,
08-06-2024,5,6,2024,50,0.064289226,0.176847924,38.65273585,,,,,,
09-06-2024,6,6,2024,180,0.147818487,0.190024672,11.77736464,,,,,,
10-06-2024,0,6,2024,141,0.096822209,0.215853271,14.77538989,,,,,,
11-06-2024,1,6,2024,162,0.109856892,0.251870205,25.87955592,,,,,,
12-06-2024,2,6,2024,105,0.178697938,0.119774724,16.88019575,,,,,,
13-06-2024,3,6,2024,166,0.051354561,0.277930407,23.68584376,,,,,,
14-06-2024,4,6,2024,183,0.138261895,0.102461941,44.98088495,,,,,,
15-06-2024,5,6,2024,107,0.139807097,0.174010467,42.09471013,,,,,,
16-06-2024,6,6,2024,93,0.109498966,0.105484062,33.35179453,,,,,,
17-06-2024,0,6,2024,110,0.085554179,0.178594845,43.61541774,,,,,,
18-06-2024,1,6,2024,96,0.085201106,0.20516252,40.26975751,,,,,,
19-06-2024,2,6,2024,198,0.18255645,0.202336277,24.30432193,,,,,,
20-06-2024,3,6,2024,129,0.116303656,0.133125669,14.04793184,,,,,,
21-06-2024,4,6,2024,167,0.099633404,0.229148102,28.1390468,,,,,,
22-06-2024,5,6,2024,196,0.117316636,0.10895569,38.13029971,,,,,,
23-06-2024,6,6,2024,69,0.15040856,0.252381364,24.63888194,,,,,,
24-06-2024,0,6,2024,195,0.071863485,0.289328887,35.00473594,,,,,,
25-06-2024,1,6,2024,96,0.117415075,0.167953765,9.244734183,,,,,,
26-06-2024,2,6,2024,98,0.138182656,0.203447876,38.66021314,,,,,,
27-06-2024,3,6,2024,63,0.192287503,0.175782056,41.5721129,,,,,,
28-06-2024,4,6,2024,192,0.087879167,0.101342078,36.80770351,,,,,,
29-06-2024,5,6,2024,50,0.103887612,0.177174901,48.52686144,,,,,,
30-06-2024,6,6,2024,166,0.106903788,0.258344052,42.19934259,,,,,,
01-07-2024,0,7,2024,103,0.140830724,0.219197768,45.63921775,,,,,,
02-07-2024,1,7,2024,167,0.103509808,0.120251983,47.01069876,,,,,,
03-07-2024,2,7,2024,52,0.130026789,0.269427898,41.06065963,,,,,,
04-07-2024,3,7,2024,193,0.167268549,0.206217069,35.34164789,,,,,,
05-07-2024,4,7,2024,61,0.155807839,0.268344672,5.257336161,,,,,,
06-07-2024,5,7,2024,123,0.116955297,0.216044304,25.9621589,,,,,,
07-07-2024,6,7,2024,65,0.179632427,0.211937689,30.70230344,,,,,,
08-07-2024,0,7,2024,151,0.133721037,0.121051837,18.68136226,,,,,,
09-07-2024,1,7,2024,166,0.130985876,0.133471947,19.31470011,,,,,,
10-07-2024,2,7,2024,57,0.055128165,0.294405051,48.25217371,,,,,,
11-07-2024,3,7,2024,171,0.198003947,0.145697349,45.12698893,,,,,,
12-07-2024,4,7,2024,141,0.068445621,0.295490424,43.21305525,,,,,,
13-07-2024,5,7,2024,139,0.084669637,0.206382541,23.27053108,,,,,,
14-07-2024,6,7,2024,185,0.057754526,0.127157809,5.616434768,,,,,,
15-07-2024,0,7,2024,109,0.146000445,0.119860441,8.610001091,,,,,,
16-07-2024,1,7,2024,77,0.083705177,0.141772814,19.04883657,,,,,,
17-07-2024,2,7,2024,150,0.077001566,0.285127466,5.708431085,,,,,,
18-07-2024,3,7,2024,90,0.063283338,0.182830045,5.771740186,,,,,,
19-07-2024,4,7,2024,194,0.065496344,0.179086854,46.24714857,,,,,,
20-07-2024,5,7,2024,190,0.137700605,0.162641252,36.7771326,,,,,,
21-07-2024,6,7,2024,95,0.15323118,0.12941237,18.90301955,,,,,,
22-07-2024,0,7,2024,84,0.109606848,0.197570239,10.96900599,,,,,,
23-07-2024,1,7,2024,183,0.121984562,0.126009557,28.02360731,,,,,,
24-07-2024,2,7,2024,131,0.15289516,0.267096047,5.240577238,,,,,,
25-07-2024,3,7,2024,164,0.052606969,0.174079397,47.22861847,,,,,,
26-07-2024,4,7,2024,96,0.098469599,0.174960714,23.66668037,,,,,,
27-07-2024,5,7,2024,59,0.195964662,0.194801286,23.10507299,,,,,,
28-07-2024,6,7,2024,105,0.137016834,0.188825543,22.57671234,,,,,,
29-07-2024,0,7,2024,79,0.088133687,0.298971595,8.119774867,,,,,,
30-07-2024,1,7,2024,158,0.128259507,0.209076224,33.72450079,,,,,,
31-07-2024,2,7,2024,54,0.101398023,0.117640341,37.98516288,,,,,,
01-08-2024,3,8,2024,168,0.129836748,0.221375468,35.42564289,,,,,,
02-08-2024,4,8,2024,82,0.068861227,0.130316859,11.2295972,,,,,,
03-08-2024,5,8,2024,167,0.069907198,0.106187529,31.04780756,,,,,,
04-08-2024,6,8,2024,114,0.071531354,0.294148431,30.62680179,,,,,,
05-08-2024,0,8,2024,195,0.190972969,0.254707778,44.07848546,,,,,,
06-08-2024,1,8,2024,60,0.159934838,0.296021798,22.06074463,,,,,,
07-08-2024,2,8,2024,134,0.074357284,0.19557569,21.71686746,,,,,,
08-08-2024,3,8,2024,75,0.078252363,0.206451506,32.83371764,,,,,,
09-08-2024,4,8,2024,112,0.159624421,0.133667391,33.48826941,,,,,,
10-08-2024,5,8,2024,135,0.073424577,0.149381485,26.11783523,,,,,,
11-08-2024,6,8,2024,108,0.085184194,0.267709843,24.9376713,,,,,,
12-08-2024,0,8,2024,76,0.194502025,0.171237129,27.23664518,,,,,,
13-08-2024,1,8,2024,147,0.088295979,0.265362995,43.74703848,,,,,,
14-08-2024,2,8,2024,154,0.149244853,0.241802745,25.75251056,,,,,,
15-08-2024,3,8,2024,148,0.196794693,0.135434185,47.29693064,,,,,,
16-08-2024,4,8,2024,178,0.106144515,0.201489273,27.68016936,,,,,,
17-08-2024,5,8,2024,198,0.052627399,0.235477464,47.71403119,,,,,,
18-08-2024,6,8,2024,104,0.086622094,0.147007443,42.47743558,,,,,,
19-08-2024,0,8,2024,55,0.174631579,0.266137702,21.30940952,,,,,,
20-08-2024,1,8,2024,144,0.179691325,0.208965532,43.86386396,,,,,,
21-08-2024,2,8,2024,182,0.165277905,0.13304841,9.952847789,,,,,,
22-08-2024,3,8,2024,151,0.066966473,0.216596885,46.62712289,,,,,,
23-08-2024,4,8,2024,52,0.169326556,0.299942761,33.42395818,,,,,,
24-08-2024,5,8,2024,72,0.18780167,0.130104298,7.447583684,,,,,,
25-08-2024,6,8,2024,102,0.140091431,0.263351386,33.99155256,,,,,,
26-08-2024,0,8,2024,132,0.191131303,0.141461801,48.84114444,,,,,,
27-08-2024,1,8,2024,194,0.174025833,0.256477666,8.141029458,,,,,,
28-08-2024,2,8,2024,134,0.150045728,0.246915585,29.96094694,,,,,,
29-08-2024,3,8,2024,127,0.136577786,0.160097877,38.65074574,,,,,,
30-08-2024,4,8,2024,159,0.10228605,0.165164624,41.4616364,,,,,,
31-08-2024,5,8,2024,50,0.073893117,0.258504278,23.62223594,,,,,,
01-09-2024,6,9,2024,100,0.140743088,0.192289102,14.18749516,,,,,,
02-09-2024,0,9,2024,53,0.097716733,0.246163606,6.905402545,,,,,,
03-09-2024,1,9,2024,162,0.1799658,0.129596829,31.08767707,,,,,,
04-09-2024,2,9,2024,81,0.199000541,0.270511556,25.38099816,,,,,,
05-09-2024,3,9,2024,83,0.162864164,0.242176943,47.69349778,,,,,,
06-09-2024,4,9,2024,141,0.063572254,0.281388562,7.727220847,,,,,,
07-09-2024,5,9,2024,144,0.093302839,0.126474476,35.84279046,,,,,,
08-09-2024,6,9,2024,121,0.066366445,0.2186029,6.123479995,,,,,,
09-09-2024,0,9,2024,88,0.147576747,0.219824117,12.71453795,,,,,,
10-09-2024,1,9,2024,167,0.16477863,0.170692148,25.411055,,,,,,
11-09-2024,2,9,2024,52,0.188851225,0.191693285,25.46925993,,,,,,
12-09-2024,3,9,2024,172,0.115725852,0.107596313,35.85652443,,,,,,
13-09-2024,4,9,2024,99,0.185206347,0.249172008,45.95958657,,,,,,
14-09-2024,5,9,2024,61,0.181683674,0.209864496,33.75644715,,,,,,
15-09-2024,6,9,2024,103,0.097579358,0.11154821,47.9090794,,,,,,
16-09-2024,0,9,2024,182,0.180335094,0.236151179,44.67270379,,,,,,
17-09-2024,1,9,2024,106,0.106350838,0.193356415,31.3024908,,,,,,
18-09-2024,2,9,2024,194,0.094530391,0.106892252,42.52063779,,,,,,
19-09-2024,3,9,2024,161,0.147361199,0.293921545,33.91599246,,,,,,
20-09-2024,4,9,2024,96,0.099257184,0.289822429,8.535102392,,,,,,
21-09-2024,5,9,2024,134,0.144531312,0.202580483,38.32541255,,,,,,
22-09-2024,6,9,2024,191,0.141474771,0.118734484,9.270879857,,,,,,
23-09-2024,0,9,2024,115,0.134515839,0.250924244,31.73372513,,,,,,
24-09-2024,1,9,2024,124,0.107062956,0.19838622,36.61880926,,,,,,
25-09-2024,2,9,2024,152,0.132274958,0.160489496,7.993742369,,,,,,
26-09-2024,3,9,2024,87,0.139472821,0.198283636,15.38575943,,,,,,
27-09-2024,4,9,2024,99,0.131853033,0.204488829,46.20525045,,,,,,
28-09-2024,5,9,2024,147,0.116662918,0.21254234,32.73415215,,,,,,
29-09-2024,6,9,2024,131,0.052200059,0.188244743,16.08287085,,,,,,
30-09-2024,0,9,2024,79,0.138059256,0.221151061,36.0805897,,,,,,
01-10-2024,1,10,2024,128,0.075266658,0.283746942,31.8549389,,,,,,
02-10-2024,2,10,2024,140,0.146386395,0.172453617,27.5709065,,,,,,
03-10-2024,3,10,2024,101,0.163901649,0.245143293,48.92841387,,,,,,
04-10-2024,4,10,2024,128,0.125066796,0.278890511,35.75541998,,,,,,
05-10-2024,5,10,2024,79,0.13135455,0.191195855,21.89484994,,,,,,
06-10-2024,6,10,2024,155,0.192721784,0.188691167,41.00330444,,,,,,
07-10-2024,0,10,2024,100,0.177075104,0.220423397,44.80624818,,,,,,
08-10-2024,1,10,2024,130,0.187135477,0.218281352,10.63492518,,,,,,
09-10-2024,2,10,2024,182,0.172064943,0.261317868,14.024884,,,,,,
10-10-2024,3,10,2024,78,0.066337751,0.195296677,14.73021541,,,,,,
11-10-2024,4,10,2024,181,0.072348778,0.29922459,36.10453142,,,,,,
12-10-2024,5,10,2024,187,0.12899357,0.111894314,32.13677998,,,,,,
13-10-2024,6,10,2024,194,0.086910449,0.10063357,32.85462041,,,,,,
14-10-2024,0,10,2024,123,0.121504321,0.228039662,47.33479849,,,,,,
15-10-2024,1,10,2024,66,0.109154799,0.159686982,39.91601898,,,,,,
16-10-2024,2,10,2024,133,0.132412136,0.148076478,10.7571616,,,,,,
17-10-2024,3,10,2024,118,0.162031357,0.162379816,20.63781871,,,,,,
18-10-2024,4,10,2024,83,0.157323636,0.151209513,24.59271408,,,,,,
19-10-2024,5,10,2024,55,0.12818512,0.10615801,22.81827149,,,,,,
20-10-2024,6,10,2024,102,0.173359013,0.294306608,35.11888741,,,,,,
21-10-2024,0,10,2024,175,0.114629314,0.144149098,45.13518965,,,,,,
22-10-2024,1,10,2024,92,0.184507143,0.246805953,18.77231586,,,,,,
23-10-2024,2,10,2024,164,0.060692041,0.252519279,29.83447114,,,,,,
24-10-2024,3,10,2024,160,0.193199005,0.28585148,40.52342399,,,,,,
25-10-2024,4,10,2024,129,0.148203962,0.106109891,23.72981265,,,,,,
26-10-2024,5,10,2024,144,0.107011176,0.274409668,12.56531578,,,,,,
27-10-2024,6,10,2024,167,0.079573119,0.205445236,26.37279344,,,,,,
28-10-2024,0,10,2024,193,0.121877484,0.226508822,7.485013433,,,,,,
29-10-2024,1,10,2024,57,0.079183748,0.228894055,47.40725543,,,,,,
30-10-2024,2,10,2024,181,0.074949741,0.263959561,8.366954234,,,,,,
31-10-2024,3,10,2024,153,0.142602764,0.166681464,24.73055219,,,,,,
01-11-2024,4,11,2024,181,0.128462709,0.246610238,28.84465675,,,,,,
02-11-2024,5,11,2024,74,0.150514405,0.205715622,49.33867245,,,,,,
03-11-2024,6,11,2024,145,0.189440882,0.258678803,12.47098206,,,,,,
04-11-2024,0,11,2024,142,0.129839032,0.298109207,10.14941834,,,,,,
05-11-2024,1,11,2024,110,0.137139808,0.140130203,5.391776618,,,,,,
06-11-2024,2,11,2024,171,0.063443951,0.298929728,12.00071466,,,,,,
07-11-2024,3,11,2024,100,0.157645368,0.117962431,14.32728406,,,,,,
08-11-2024,4,11,2024,196,0.109985781,0.10046351,33.37614237,,,,,,
09-11-2024,5,11,2024,70,0.196508786,0.108832387,14.88680557,,,,,,
10-11-2024,6,11,2024,54,0.173476102,0.168356481,5.923436663,,,,,,
11-11-2024,0,11,2024,141,0.128372156,0.226581266,42.19782555,,,,,,
12-11-2024,1,11,2024,110,0.068483398,0.113805908,21.45180655,,,,,,
13-11-2024,2,11,2024,71,0.178912369,0.101133163,20.9163509,,,,,,
14-11-2024,3,11,2024,198,0.169967164,0.287418206,18.61155631,,,,,,
15-11-2024,4,11,2024,119,0.077687769,0.264385327,48.89179747,,,,,,
16-11-2024,5,11,2024,50,0.094291743,0.261836634,12.65519378,,,,,,
17-11-2024,6,11,2024,182,0.169011089,0.276884855,45.42071288,,,,,,
18-11-2024,0,11,2024,61,0.077784267,0.240006855,39.95614995,,,,,,
19-11-2024,1,11,2024,139,0.187662873,0.120880826,8.441597997,,,,,,
20-11-2024,2,11,2024,95,0.113679114,0.179820038,49.40280957,,,,,,
21-11-2024,3,11,2024,83,0.063055844,0.244629897,17.21146836,,,,,,
22-11-2024,4,11,2024,127,0.172362297,0.156066892,9.436231716,,,,,,
23-11-2024,5,11,2024,94,0.106026452,0.237481273,42.31914054,,,,,,
24-11-2024,6,11,2024,122,0.128974879,0.10489969,36.80039902,,,,,,
25-11-2024,0,11,2024,75,0.066845652,0.161227468,32.77484626,,,,,,
26-11-2024,1,11,2024,96,0.050387602,0.209826067,12.01913887,,,,,,
27-11-2024,2,11,2024,170,0.145697781,0.226417966,26.53232523,,,,,,
28-11-2024,3,11,2024,105,0.127276276,0.215408133,40.12502121,,,,,,
29-11-2024,4,11,2024,143,0.139030785,0.239551255,18.66307722,,,,,,
30-11-2024,5,11,2024,156,0.169061578,0.10121775,19.02604228,,,,,,
01-12-2024,6,12,2024,112,0.146990887,0.12018824,5.141340772,,,,,,
02-12-2024,0,12,2024,97,0.076216016,0.27378885,12.84095307,,,,,,
03-12-2024,1,12,2024,110,0.104115878,0.236349729,44.39325313,,,,,,
04-12-2024,2,12,2024,130,0.185883666,0.122586329,24.87859212,,,,,,
05-12-2024,3,12,2024,75,0.165491705,0.268414887,49.29055247,,,,,,
06-12-2024,4,12,2024,85,0.133495559,0.148446244,22.80685836,,,,,,
07-12-2024,5,12,2024,50,0.08834675,0.195651977,37.18339047,,,,,,
08-12-2024,6,12,2024,57,0.095309075,0.129039303,17.68635693,,,,,,
09-12-2024,0,12,2024,162,0.15979371,0.242022011,21.37143385,,,,,,
10-12-2024,1,12,2024,148,0.177676139,0.233370884,13.58266944,,,,,,
11-12-2024,2,12,2024,96,0.1507137,0.142222494,20.61780658,,,,,,
12-12-2024,3,12,2024,176,0.171429496,0.272680153,29.62568842,,,,,,
13-12-2024,4,12,2024,105,0.16499842,0.180261205,49.62977964,,,,,,
14-12-2024,5,12,2024,63,0.072455595,0.158503018,34.88907709,,,,,,
15-12-2024,6,12,2024,77,0.113591722,0.130465918,13.96606795,,,,,,
16-12-2024,0,12,2024,127,0.07294757,0.153233603,7.023264872,,,,,,
17-12-2024,1,12,2024,179,0.085285338,0.104405384,10.68604166,,,,,,
18-12-2024,2,12,2024,158,0.180388944,0.216651498,30.31498406,,,,,,
19-12-2024,3,12,2024,63,0.120933795,0.268446149,39.4322148,,,,,,
20-12-2024,4,12,2024,105,0.130303715,0.20979609,47.31886433,,,,,,
21-12-2024,5,12,2024,164,0.076766895,0.143854792,5.71204274,,,,,,
22-12-2024,6,12,2024,56,0.096840768,0.106733836,28.52420637,,,,,,
23-12-2024,0,12,2024,52,0.084536925,0.142925615,26.18903103,,,,,,
24-12-2024,1,12,2024,160,0.080927925,0.183224286,34.52247599,,,,,,
25-12-2024,2,12,2024,156,0.145694119,0.251922286,30.18104845,,,,,,
26-12-2024,3,12,2024,67,0.088532577,0.137568571,35.91676178,,,,,,
27-12-2024,4,12,2024,87,0.144802323,0.243958291,34.61371631,,,,,,
28-12-2024,5,12,2024,164,0.058768192,0.273386694,10.26552762,,,,,,
29-12-2024,6,12,2024,64,0.071266159,0.19078937,40.98730611,,,,,,
30-12-2024,0,12,2024,168,0.091181038,0.264286398,10.54546591,,,,,,
31-12-2024,1,12,2024,77,0.139557038,0.21093147,36.43387813,,,,,,
01-01-2025,2,1,2025,88,0.151376187,0.227418167,23.72654154,,,,,,
02-01-2025,3,1,2025,66,0.116407545,0.205255692,28.12328306,,,,,,
03-01-2025,4,1,2025,135,0.116868637,0.192634543,45.64841065,,,,,,
04-01-2025,5,1,2025,175,0.158677528,0.146930688,45.04476769,,,,,,
05-01-2025,6,1,2025,93,0.052373164,0.160638812,41.80353375,,,,,,
06-01-2025,0,1,2025,74,0.101163504,0.157994024,27.95667712,,,,,,
07-01-2025,1,1,2025,194,0.172806059,0.212657786,38.13079146,,,,,,
08-01-2025,2,1,2025,62,0.140482912,0.123990739,28.0803675,,,,,,
09-01-2025,3,1,2025,74,0.10058407,0.283358338,44.13227371,,,,,,
10-01-2025,4,1,2025,117,0.185828719,0.244131029,23.1249125,,,,,,
11-01-2025,5,1,2025,187,0.165893409,0.180289126,48.6605905,,,,,,
12-01-2025,6,1,2025,116,0.089734317,0.131724829,46.95452412,,,,,,
13-01-2025,0,1,2025,158,0.146793476,0.276398434,38.37211788,,,,,,
14-01-2025,1,1,2025,195,0.139362609,0.264755618,17.57371479,,,,,,
15-01-2025,2,1,2025,160,0.110178187,0.244344311,10.9244115,,,,,,
16-01-2025,3,1,2025,160,0.105043412,0.154309409,43.46165525,,,,,,
17-01-2025,4,1,2025,83,0.101534071,0.180489327,12.43860288,,,,,,
18-01-2025,5,1,2025,160,0.142573368,0.12054965,43.4417355,,,,,,
19-01-2025,6,1,2025,57,0.11636149,0.137807905,27.0844253,,,,,,
20-01-2025,0,1,2025,162,0.174779467,0.256603327,23.29505527,,,,,,
21-01-2025,1,1,2025,132,0.150440392,0.243007744,45.64358505,,,,,,
22-01-2025,2,1,2025,91,0.060489741,0.218697153,32.17329421,,,,,,
23-01-2025,3,1,2025,150,0.146025234,0.279145345,30.94763032,,,,,,
24-01-2025,4,1,2025,55,0.090672115,0.216653304,30.14446751,,,,,,
25-01-2025,5,1,2025,75,0.138921799,0.1933936,21.70262822,,,,,,
26-01-2025,6,1,2025,113,0.15201979,0.168074149,40.35393966,,,,,,
27-01-2025,0,1,2025,108,0.084624378,0.288089701,16.37592998,,,,,,
28-01-2025,1,1,2025,158,0.118528797,0.116543092,47.2502732,,,,,,
29-01-2025,2,1,2025,170,0.078548729,0.286177474,45.22933423,,,,,,
30-01-2025,3,1,2025,82,0.057850831,0.265342932,20.18661466,,,,,,
31-01-2025,4,1,2025,199,0.106771464,0.125985985,37.82586964,,,,,,
01-02-2025,5,2,2025,70,0.104441641,0.212996872,30.79504375,,,,,,
02-02-2025,6,2,2025,119,0.199322074,0.273309596,20.19421859,,,,,,
03-02-2025,0,2,2025,161,0.116952853,0.214361833,49.48347416,,,,,,
04-02-2025,1,2,2025,53,0.100035432,0.281439964,6.135680563,,,,,,
05-02-2025,2,2,2025,143,0.137071251,0.288596763,16.36907138,,,,,,
06-02-2025,3,2,2025,124,0.063315109,0.184476904,28.40333275,,,,,,
07-02-2025,4,2,2025,111,0.19424986,0.175462732,28.48788516,,,,,,
08-02-2025,5,2,2025,143,0.145244007,0.287264231,31.50198837,,,,,,
09-02-2025,6,2,2025,144,0.163225673,0.235028012,38.82542774,,,,,,
10-02-2025,0,2,2025,104,0.075571691,0.123204536,33.05650237,,,,,,
11-02-2025,1,2,2025,186,0.111421678,0.10845835,32.01266572,,,,,,
12-02-2025,2,2,2025,180,0.113403367,0.21292581,7.408150831,,,,,,
13-02-2025,3,2,2025,80,0.173270967,0.286034193,21.94386295,,,,,,
14-02-2025,4,2,2025,89,0.050185502,0.26884974,15.44250829,,,,,,
15-02-2025,5,2,2025,85,0.095127966,0.235169549,16.94165502,,,,,,
16-02-2025,6,2,2025,55,0.197185456,0.12782317,29.94518635,,,,,,
17-02-2025,0,2,2025,115,0.121232982,0.150846277,13.97773917,,,,,,
18-02-2025,1,2,2025,124,0.107378942,0.275102245,18.22770955,,,,,,
19-02-2025,2,2,2025,53,0.06797435,0.136561447,15.66881188,,,,,,
20-02-2025,3,2,2025,128,0.196124694,0.155687882,47.68263244,,,,,,
21-02-2025,4,2,2025,183,0.053003953,0.12592013,47.50995795,,,,,,
22-02-2025,5,2,2025,167,0.160577034,0.235221646,32.44737014,,,,,,
23-02-2025,6,2,2025,162,0.165289971,0.288796461,46.60351109,,,,,,
24-02-2025,0,2,2025,143,0.086548507,0.153793606,40.36156905,,,,,,
25-02-2025,1,2,2025,111,0.150733767,0.195081322,31.54765473,,,,,,
26-02-2025,2,2,2025,128,0.063939372,0.226867948,5.289584517,,,,,,
27-02-2025,3,2,2025,185,0.08855709,0.29989325,39.76323287,,,,,,
28-02-2025,4,2,2025,75,0.168185298,0.120961613,36.61197537,,,,,,
01-03-2025,5,3,2025,93,0.179702929,0.19971416,32.6864144,,,,,,
02-03-2025,6,3,2025,182,0.141272962,0.177024024,39.21909403,,,,,,
03-03-2025,0,3,2025,119,0.126025765,0.273164033,28.08149741,,,,,,
04-03-2025,1,3,2025,167,0.073895603,0.195193546,36.68374721,,,,,,
05-03-2025,2,3,2025,117,0.059466355,0.122195505,47.0827439,,,,,,
06-03-2025,3,3,2025,68,0.067647354,0.226884829,21.91122571,,,,,,
07-03-2025,4,3,2025,69,0.084103595,0.254156124,36.86548257,,,,,,
08-03-2025,5,3,2025,162,0.101251175,0.10057625,26.40595181,,,,,,
09-03-2025,6,3,2025,189,0.107136429,0.271791337,35.34798433,,,,,,
10-03-2025,0,3,2025,96,0.101948265,0.1372046,39.3302001,,,,,,
11-03-2025,1,3,2025,50,0.0858583,0.210413873,7.04536252,,,,,,
12-03-2025,2,3,2025,139,0.126458637,0.1831595,34.09701998,,,,,,
13-03-2025,3,3,2025,191,0.173792916,0.243930763,15.2033533,,,,,,
14-03-2025,4,3,2025,113,0.091955531,0.174232323,35.1514642,,,,,,
15-03-2025,5,3,2025,87,0.191358053,0.273952635,26.07485837,,,,,,
16-03-2025,6,3,2025,86,0.181000499,0.246099272,39.80987338,,,,,,
17-03-2025,0,3,2025,175,0.074264632,0.229542634,10.55303668,,,,,,
18-03-2025,1,3,2025,188,0.167941394,0.259248119,33.18450582,,,,,,
19-03-2025,2,3,2025,149,0.136188107,0.250804607,17.5311828,,,,,,
20-03-2025,3,3,2025,126,0.134986304,0.107187735,43.38418979,,,,,,
21-03-2025,4,3,2025,52,0.108656414,0.178946871,46.77725775,,,,,,
22-03-2025,5,3,2025,183,0.12517295,0.286161459,49.83792322,,,,,,
23-03-2025,6,3,2025,59,0.109576817,0.125144854,40.82033311,,,,,,
24-03-2025,0,3,2025,54,0.130959893,0.24741931,38.91803317,,,,,,
25-03-2025,1,3,2025,187,0.144192508,0.294918362,14.69753415,,,,,,
26-03-2025,2,3,2025,179,0.151145571,0.110439726,20.12031765,,,,,,
27-03-2025,3,3,2025,62,0.129872179,0.236438776,25.95571438,,,,,,
28-03-2025,4,3,2025,179,0.15821331,0.193630828,39.80214715,,,,,,
29-03-2025,5,3,2025,133,0.071191707,0.215835051,46.17346393,,,,,,
30-03-2025,6,3,2025,114,0.081797374,0.117068267,13.5112595,,,,,,
31-03-2025,0,3,2025,112,0.172810251,0.10860139,46.50653681,,,,,,
01-04-2025,1,4,2025,150,0.098379197,0.233373332,36.30310936,,,,,,
02-04-2025,2,4,2025,122,0.053434074,0.264661886,32.48468288,,,,,,
03-04-2025,3,4,2025,66,0.073068672,0.256403067,13.99285721,,,,,,
04-04-2025,4,4,2025,58,0.083542165,0.208761146,7.498626476,,,,,,
05-04-2025,5,4,2025,192,0.193598433,0.119973364,30.58092043,,,,,,
06-04-2025,6,4,2025,87,0.135956214,0.237608889,34.31820575,,,,,,
07-04-2025,0,4,2025,143,0.189909611,0.148377777,14.48516522,,,,,,
08-04-2025,1,4,2025,144,0.136274503,0.282213741,30.04052926,,,,,,
09-04-2025,2,4,2025,98,0.121903166,0.267653072,43.54220312,,,,,,
10-04-2025,3,4,2025,118,0.097059154,0.241876593,42.57796755,,,,,,
11-04-2025,4,4,2025,111,0.140955642,0.289769191,46.73098313,,,,,,
12-04-2025,5,4,2025,127,0.070879704,0.106284364,21.46486143,,,,,,
13-04-2025,6,4,2025,166,0.184739244,0.247240085,19.31223076,,,,,,
14-04-2025,0,4,2025,169,0.174399861,0.166048556,38.72417027,,,,,,
15-04-2025,1,4,2025,186,0.097629717,0.281213177,24.40005823,,,,,,
16-04-2025,2,4,2025,125,0.192919629,0.153335039,8.939689881,,,,,,
17-04-2025,3,4,2025,84,0.173780115,0.2449713,17.72605088,,,,,,
18-04-2025,4,4,2025,50,0.149946033,0.275529404,23.83620285,,,,,,
19-04-2025,5,4,2025,89,0.068264287,0.108331364,18.16323915,,,,,,
20-04-2025,6,4,2025,113,0.121735103,0.179529516,19.94925069,,,,,,
21-04-2025,0,4,2025,199,0.125916133,0.252461806,18.21991578,,,,,,
22-04-2025,1,4,2025,109,0.084882704,0.190983778,6.867462523,,,,,,
23-04-2025,2,4,2025,113,0.061994809,0.153450526,33.66926154,,,,,,
24-04-2025,3,4,2025,142,0.166508545,0.14396107,31.87815892,,,,,,
25-04-2025,4,4,2025,121,0.068305258,0.126303653,34.40225743,,,,,,
26-04-2025,5,4,2025,60,0.139143613,0.271425912,13.65394532,,,,,,
27-04-2025,6,4,2025,154,0.190467376,0.215071081,18.30445437,,,,,,
28-04-2025,0,4,2025,63,0.181415779,0.115276989,32.88271671,,,,,,
29-04-2025,1,4,2025,109,0.091662894,0.176516065,31.98324058,,,,,,
30-04-2025,2,4,2025,79,0.177717296,0.17354673,27.78486392,,,,,,
01-05-2025,3,5,2025,84,0.050049876,0.136347838,20.76859625,,,,,,
02-05-2025,4,5,2025,54,0.052653171,0.187101525,46.08189521,,,,,,
03-05-2025,5,5,2025,132,0.140382975,0.166419873,20.2896609,,,,,,
04-05-2025,6,5,2025,172,0.104719733,0.168360741,25.50286204,,,,,,
05-05-2025,0,5,2025,127,0.107969126,0.247805312,35.51512239,,,,,,
06-05-2025,1,5,2025,111,0.134666164,0.144652677,29.43596439,,,,,,
07-05-2025,2,5,2025,181,0.078767368,0.228371992,20.60986894,,,,,,
08-05-2025,3,5,2025,138,0.081763303,0.214129925,24.60401557,,,,,,
09-05-2025,4,5,2025,91,0.122690238,0.213618502,40.7516368,,,,,,
10-05-2025,5,5,2025,138,0.163138032,0.232601469,17.515812,,,,,,
11-05-2025,6,5,2025,195,0.142924663,0.209676407,11.40148579,,,,,,
12-05-2025,0,5,2025,89,0.094603257,0.275851023,19.09234408,,,,,,
13-05-2025,1,5,2025,121,0.114550577,0.235116018,43.2290397,,,,,,
14-05-2025,2,5,2025,88,0.075599714,0.20939265,9.004537169,,,,,,
15-05-2025,3,5,2025,153,0.061194472,0.265952624,49.6263233,,,,,,
16-05-2025,4,5,2025,63,0.167404406,0.221229313,29.34513045,,,,,,
17-05-2025,5,5,2025,81,0.089808111,0.15822885,49.31805848,,,,,,
18-05-2025,6,5,2025,174,0.076664958,0.141418984,47.25483899,,,,,,
19-05-2025,0,5,2025,146,0.153742708,0.130465557,25.37661714,,,,,,
20-05-2025,1,5,2025,72,0.142707751,0.279891043,13.93209836,,,,,,
21-05-2025,2,5,2025,112,0.144978444,0.242027086,12.41981495,,,,,,
22-05-2025,3,5,2025,192,0.084334191,0.287475688,15.79952137,,,,,,
23-05-2025,4,5,2025,194,0.084896831,0.220658361,36.95596883,,,,,,
24-05-2025,5,5,2025,102,0.083120394,0.194680176,17.28274976,,,,,,
25-05-2025,6,5,2025,153,0.076062889,0.111943298,20.36413713,,,,,,
26-05-2025,0,5,2025,153,0.148358551,0.234328456,25.19504618,,,,,,
27-05-2025,1,5,2025,88,0.177202383,0.216441752,46.09547062,,,,,,
28-05-2025,2,5,2025,183,0.15864762,0.298041779,13.5227038,,,,,,
29-05-2025,3,5,2025,116,0.168814045,0.147831756,5.226194867,,,,,,
30-05-2025,4,5,2025,184,0.110719764,0.206147471,7.704338467,,,,,,
31-05-2025,5,5,2025,91,0.148111369,0.230191467,45.71448538,,,,,,
01-06-2025,6,6,2025,64,0.103135436,0.228918235,34.13824092,,,,,,
02-06-2025,0,6,2025,160,0.128825693,0.212258709,17.28682787,,,,,,
03-06-2025,1,6,2025,82,0.122245227,0.255385602,12.97366255,,,,,,
04-06-2025,2,6,2025,87,0.076533072,0.140996242,18.24200315,,,,,,
05-06-2025,3,6,2025,146,0.108061814,0.24512544,10.16586173,,,,,,
06-06-2025,4,6,2025,82,0.194573341,0.223946914,47.36898096,,,,,,
07-06-2025,5,6,2025,135,0.087287039,0.279215022,40.28927785,,,,,,
08-06-2025,6,6,2025,115,0.07007056,0.269438888,25.80760296,,,,,,
09-06-2025,0,6,2025,59,0.112787093,0.163029408,43.92331723,,,,,,
10-06-2025,1,6,2025,54,0.16855066,0.155247465,16.22561919,,,,,,
11-06-2025,2,6,2025,172,0.137322234,0.296330665,37.27042558,,,,,,
12-06-2025,3,6,2025,123,0.152146224,0.205453036,43.52596246,,,,,,
13-06-2025,4,6,2025,146,0.078454227,0.281284193,21.05459202,,,,,,
14-06-2025,5,6,2025,167,0.142842229,0.132776205,39.08590005,,,,,,
15-06-2025,6,6,2025,87,0.098525059,0.228563783,18.27825572,,,,,,
16-06-2025,0,6,2025,190,0.175145505,0.261972037,18.44857109,,,,,,
17-06-2025,1,6,2025,96,0.144394821,0.28947905,9.817573035,,,,,,
18-06-2025,2,6,2025,158,0.079828442,0.167468028,24.80261209,,,,,,
19-06-2025,3,6,2025,64,0.059692502,0.244996234,37.83703579,,,,,,
20-06-2025,4,6,2025,185,0.056394981,0.207762602,47.30993625,,,,,,
21-06-2025,5,6,2025,54,0.105711285,0.112125785,32.17086464,,,,,,
22-06-2025,6,6,2025,96,0.08987767,0.237999947,43.8410992,,,,,,
23-06-2025,0,6,2025,117,0.146913519,0.238019312,42.01225922,,,,,,
24-06-2025,1,6,2025,125,0.124900075,0.286121361,12.80043738,,,,,,
25-06-2025,2,6,2025,179,0.089902892,0.199462489,26.8617843,,,,,,
26-06-2025,3,6,2025,144,0.072385667,0.146050184,10.2615591,,,,,,
27-06-2025,4,6,2025,164,0.069079964,0.108912765,35.69689227,,,,,,
28-06-2025,5,6,2025,85,0.179699059,0.183128437,47.74548507,,,,,,
29-06-2025,6,6,2025,75,0.086521695,0.16038334,11.16902561,,,,,,
30-06-2025,0,6,2025,92,0.147756597,0.252217661,38.02474089,,,,,,
01-07-2025,1,7,2025,76,0.171602889,0.170853553,33.45071679,,,,,,
02-07-2025,2,7,2025,118,0.142112197,0.289814239,31.26222667,,,,,,
03-07-2025,3,7,2025,197,0.178934785,0.292462041,22.55541056,,,,,,
04-07-2025,4,7,2025,60,0.108859058,0.224181718,20.98092415,,,,,,
05-07-2025,5,7,2025,123,0.193433329,0.285732057,7.036213506,,,,,,
06-07-2025,6,7,2025,153,0.069971751,0.252170869,14.80589187,,,,,,
07-07-2025,0,7,2025,87,0.065322429,0.209371928,5.682959703,,,,,,
08-07-2025,1,7,2025,183,0.148803822,0.136061587,31.16376975,,,,,,
09-07-2025,2,7,2025,72,0.191424671,0.191719589,9.763395615,,,,,,
10-07-2025,3,7,2025,96,0.171332519,0.212174893,44.28587273,,,,,,
11-07-2025,4,7,2025,139,0.061462529,0.272792316,28.54143593,,,,,,
12-07-2025,5,7,2025,95,0.091905157,0.196266675,36.48604591,,,,,,
13-07-2025,6,7,2025,156,0.189547833,0.279534935,23.48856913,,,,,,
14-07-2025,0,7,2025,189,0.087958765,0.234869796,30.22609141,,,,,,
15-07-2025,1,7,2025,190,0.167175564,0.127399813,47.41966296,,,,,,
16-07-2025,2,7,2025,153,0.173769829,0.298996274,8.723031783,,,,,,
17-07-2025,3,7,2025,160,0.124317816,0.205446532,16.42719974,,,,,,
18-07-2025,4,7,2025,153,0.107952336,0.178371659,40.09947471,,,,,,
19-07-2025,5,7,2025,109,0.117518665,0.231822753,9.44317431,,,,,,
20-07-2025,6,7,2025,149,0.084044704,0.121778663,8.404749676,,,,,,
21-07-2025,0,7,2025,117,0.183408637,0.227307729,21.26936294,,,,,,
22-07-2025,1,7,2025,182,0.117592949,0.1996472,9.147558131,,,,,,
23-07-2025,2,7,2025,169,0.182368916,0.181334814,31.3285299,,,,,,
24-07-2025,3,7,2025,86,0.065854022,0.290604004,15.18238629,,,,,,
25-07-2025,4,7,2025,121,0.198241291,0.204507943,45.30640834,,,,,,
26-07-2025,5,7,2025,176,0.116490963,0.143823496,40.25750364,,,,,,
27-07-2025,6,7,2025,155,0.057174623,0.191792696,36.48673427,,,,,,
28-07-2025,0,7,2025,141,0.055703277,0.283877481,32.76248123,,,,,,
29-07-2025,1,7,2025,80,0.161931089,0.135219094,43.85595787,,,,,,
30-07-2025,2,7,2025,171,0.14885533,0.142791408,15.03779277,,,,,,
31-07-2025,3,7,2025,186,0.170319584,0.102605914,44.28989792,,,,,,
01-08-2025,4,8,2025,100,0.06580513,0.10283801,40.52715343,,,,,,
02-08-2025,5,8,2025,78,0.05533563,0.265878325,38.66723719,,,,,,
03-08-2025,6,8,2025,89,0.126286893,0.246424521,30.25650551,,,,,,
04-08-2025,0,8,2025,90,0.108139285,0.171008211,16.08098724,,,,,,
05-08-2025,1,8,2025,60,0.119292041,0.239662231,24.05965622,,,,,,
06-08-2025,2,8,2025,50,0.198738261,0.179041185,40.71067945,,,,,,
07-08-2025,3,8,2025,95,0.195612494,0.290579359,6.430031796,,,,,,
08-08-2025,4,8,2025,150,0.191347308,0.293410536,40.19228462,,,,,,
09-08-2025,5,8,2025,198,0.167576402,0.178558755,15.80318332,,,,,,
10-08-2025,6,8,2025,139,0.103226204,0.270844381,11.49391403,,,,,,
11-08-2025,0,8,2025,159,0.11181964,0.254617808,10.20655932,,,,,,
12-08-2025,1,8,2025,106,0.132442407,0.161999987,6.226250538,,,,,,
13-08-2025,2,8,2025,50,0.174580168,0.146407966,28.56139183,,,,,,
14-08-2025,3,8,2025,112,0.060306925,0.19164693,14.82169427,,,,,,
15-08-2025,4,8,2025,104,0.113644533,0.256269768,49.52442946,,,,,,
16-08-2025,5,8,2025,164,0.06239265,0.292033557,30.84965401,,,,,,
17-08-2025,6,8,2025,192,0.127198638,0.252715814,11.20483712,,,,,,
18-08-2025,0,8,2025,198,0.184835124,0.271041397,35.99431434,,,,,,
19-08-2025,1,8,2025,102,0.167372739,0.220612861,45.39846049,,,,,,
20-08-2025,2,8,2025,186,0.084176363,0.267081566,38.53307729,,,,,,
21-08-2025,3,8,2025,106,0.196398627,0.256884172,8.439793747,,,,,,
22-08-2025,4,8,2025,166,0.15010256,0.175397108,45.31478815,,,,,,
23-08-2025,5,8,2025,84,0.051564155,0.21039806,40.72682236,,,,,,
24-08-2025,6,8,2025,112,0.088312023,0.260950624,12.1236755,,,,,,
25-08-2025,0,8,2025,74,0.089106995,0.109211347,7.330364993,,,,,,
26-08-2025,1,8,2025,139,0.060388146,0.261615856,30.07897589,,,,,,
27-08-2025,2,8,2025,124,0.193973978,0.135577625,12.02161151,,,,,,
28-08-2025,3,8,2025,87,0.121738294,0.202936723,42.55659287,,,,,,
29-08-2025,4,8,2025,179,0.18437219,0.261655088,21.12505955,,,,,,
30-08-2025,5,8,2025,184,0.098332326,0.150764216,46.08016001,,,,,,
31-08-2025,6,8,2025,140,0.068785036,0.149161488,30.45596775,,,,,,
01-09-2025,0,9,2025,66,0.121150416,0.18055288,13.22025729,,,,,,
02-09-2025,1,9,2025,177,0.067093495,0.27892856,11.28194903,,,,,,
03-09-2025,2,9,2025,157,0.122902325,0.100088556,30.94125969,,,,,,
04-09-2025,3,9,2025,74,0.188044577,0.280276619,39.28476253,,,,,,
05-09-2025,4,9,2025,137,0.128115221,0.130761405,40.16775415,,,,,,
06-09-2025,5,9,2025,78,0.142474959,0.298017275,17.4090832,,,,,,
07-09-2025,6,9,2025,112,0.073495766,0.290969399,14.19110415,,,,,,
08-09-2025,0,9,2025,199,0.056560344,0.198935038,5.754033702,,,,,,
09-09-2025,1,9,2025,163,0.066621194,0.20254405,35.5639618,,,,,,
10-09-2025,2,9,2025,98,0.139779736,0.196309868,8.44557163,,,,,,
11-09-2025,3,9,2025,130,0.064251755,0.227088729,23.93425408,,,,,,
12-09-2025,4,9,2025,133,0.106398933,0.11814434,32.07569738,,,,,,
13-09-2025,5,9,2025,154,0.132513791,0.10652359,47.16990252,,,,,,
14-09-2025,6,9,2025,197,0.10829792,0.111540586,19.03109616,,,,,,
15-09-2025,0,9,2025,167,0.07455257,0.18887307,16.23974731,,,,,,
16-09-2025,1,9,2025,135,0.091068696,0.155109588,34.43720694,,,,,,
17-09-2025,2,9,2025,112,0.18924763,0.224407912,32.86575644,,,,,,
18-09-2025,3,9,2025,153,0.151397341,0.298488458,19.94494025,,,,,,
19-09-2025,4,9,2025,98,0.124407176,0.177264635,46.7645826,,,,,,
20-09-2025,5,9,2025,120,0.051907233,0.214768251,43.01880474,,,,,,
21-09-2025,6,9,2025,50,0.19886231,0.183120779,15.07921456,,,,,,
22-09-2025,0,9,2025,190,0.15071824,0.269454334,15.76141454,,,,,,
23-09-2025,1,9,2025,172,0.097538372,0.280447281,28.05351561,,,,,,
24-09-2025,2,9,2025,111,0.181890299,0.275471122,39.81074458,,,,,,
25-09-2025,3,9,2025,81,0.088764743,0.294874448,6.981817072,,,,,,
26-09-2025,4,9,2025,78,0.131602487,0.105503837,36.20008192,,,,,,
